wallet,token,wallet_age_days,avg_tx,recent_tx,tx_frequency,tx_per_min,tx_per_hour,tx_per_day,avg_time_between_tx_sec,is_high_freq,is_low_value,is_new_wallet,risk_score_rule,dust_tx_ratio,similarity_hits,new_sender_ratio,is_poisoned_pattern,label
0x000006ffdd6e1a0acce7274522cc8c10dae3bfd9,usdc,206,7.6977803999281225,2.7820257406776014,2.6893203883495147,0.00186535880547,0.1119215283282007,2.686116679876819,32165.39350180505,False,False,False,0.0,0,0,0,0,0
0x028296d8bf1995549d5b9446622cf565bbd0a26e,usdc,615,6.764091896946195,5.768238611150251,0.1186991869918699,8.235739816507717e-05,0.0049414438899046,0.1185946533577111,728532.0,False,False,False,0.0,0,0,0,0,0
0x034168c3e8e7cacafab05f674e0385699793898b,usdc,589,8.441418613467816,3.258096538021482,0.0084889643463497,5.886329329766061e-06,0.0003531797597859,0.0084763142348631,10193109.6,False,False,False,0.0,0,0,0,0,0
0x039731d0b7cf549d9788a9e145ee8aa2e4e5a1eb,usdc,534,5.509436527099726,5.913551261230707,0.0056179775280898,3.8953341881860615e-06,0.0002337200512911,0.0056092812309879,15403043.0,False,False,False,0.0,0,0,0,0,0
0x04754ae94847dc06c38f839ac7c68307b6ad558d,usdc,168,9.714853985417966,8.567125560164447,0.0416666666666666,2.8786635105548256e-05,0.0017271981063328,0.0414527545519894,2084300.5714285716,False,False,False,0.0,0,0,0,0,0
0x05293bb654f16f1eaa0a78f4e2edac1c30a66493,usdc,909,6.543643281156832,3.365597526616378,0.5181518151815182,0.0003594692127975,0.0215681527678518,0.5176356664284452,166912.7643312102,False,False,False,0.0,0,0,0,0,0
0x05b5000d0e6963648669df87e8d28c1c954589c7,usdc,660,5.352179579437109,4.127134385045092,0.0106060606060606,7.355211093507639e-06,0.0004413126656104,0.010591503974651,8157481.714285715,False,False,False,0.0,0,0,0,0,0
0x0aa99465e680a53dae410286b33b392fed7ef9cf,usdc,247,8.710535607834888,2.9709898897250517,0.1133603238866396,7.852793771612712e-05,0.0047116762629676,0.113080230311223,764059.2857142857,False,False,False,0.0,0,0,0,0,0
0x0b4f021e8e5944d97a8548d5a8c28b306da366a9,usdc,348,6.9114569653136435,0.0,0.1695402298850574,0.0001175329709864,0.0070519782591892,0.1692474782205428,510495.0508474576,False,False,False,0.0,0,0,0,0,0
0x0beeaced33a7709175237815d5cb6e87d6ca8acd,usdc,400,4.405229767609376,3.172323401089122,0.5825,0.0004036445114913,0.0242186706894837,0.5812480965476094,148645.6480686695,False,False,False,0.0,0,0,0,0,0
0x0c4f2837c82eba8b2c65c78c576dffb7a4817128,usdc,356,5.074280447068525,3.5136718927423916,0.0365168539325842,2.529225197153104e-05,0.0015175351182918,0.0364208428390047,2372268.0,False,False,False,0.0,0,0,0,0,0
0x0c6c9b805d2ebb7a7a26deda13939d6feb3b2b03,usdc,577,12.023967065411577,13.122465372202683,0.0103986135181975,7.220220081935058e-06,0.0004332132049161,0.0103971169179864,8309996.0,False,False,False,0.0,0,0,0,0,0
0x0c74e0e80b442cf74b1c515b642908b82a8878e7,usdc,309,3.6391093374478607,1.309072275914724,0.0226537216828478,1.5711539721914723e-05,0.0009426923833148,0.0226246171995572,3818849.142857143,False,False,False,0.0,0,0,0,0,0
0x0ce685df953e981b9084d5f65957636d33cfde61,usdc,366,4.741735969078681,3.5384359110229666,0.0491803278688524,3.409947270848702e-05,0.0020459683625092,0.0491032407002213,1759558.0,False,False,False,0.0,0,0,0,0,0
0x0e399c44dfe091daa7253e1b44ccfcdd066902a2,usdc,238,5.319366133833641,4.764282249201752,0.2647058823529412,0.0001834874142196,0.011009244853178,0.2642218764762727,326997.90476190473,False,False,False,0.0,0,0,0,0,0
0x0ef6f4843b2b5323266534f5c20688e7517aae9e,usdc,1778,8.71000244944947,10.883115781281862,0.029808773903262,2.0692800154922695e-05,0.0012415680092953,0.0297976322230886,2899559.245283019,False,False,False,0.0,0,0,0,0,0
0x106f42b090453b016e2409503074e699022b3d09,usdc,1152,7.646981645966138,0.0,0.0095486111111111,6.627815084119828e-06,0.0003976689050471,0.0095440537211325,9052757.090909092,False,False,False,0.0,0,0,0,0,0
0x111b46246ba9bf46ef15dca39ab7775897271951,usdc,2025,7.1330482374314075,6.90875477931522,0.1886419753086419,0.0001309439954302,0.0078566397258156,0.1885593534195747,458211.1596858639,False,False,False,0.0,0,0,0,0,0
0x11357f5bc500758777f1cef39fdb6465fdd523ab,usdc,199,6.442319342256093,6.384901362812179,0.5628140703517588,0.0003889415580582,0.0233364934834925,0.5600758436038213,154264.82142857142,False,False,False,0.0,0,0,0,0,0
0x12d5f3ace4aab550cd2bb4e29a56ab7de036456b,usdc,240,4.783913124938424,4.61512051684126,0.25,0.0001730077865037,0.0103804671902266,0.2491312125654401,346805.2,False,False,False,0.0,0,0,0,0,0
0x12efbeee5038be807d370764da91fe7bde19586a,usdc,396,10.246410048109043,0.0,0.0858585858585858,5.957414299967024e-05,0.0035744485799802,0.0857867659195251,1007148.3529411764,False,False,False,0.0,0,0,0,0,0
0x13abfee00c16251e424e801fdd3877eb28a23e8c,usdc,2242,11.416602484022404,9.244376514594096,0.3501338090990187,0.0002430630903536,0.0145837854212203,0.350010850109288,246849.49044585988,False,False,False,0.0,0,0,0,0,0
0x15ce80edfcfbcc5846c24a50d3bd2692e0f15610,usdc,382,5.849764634467307,5.725802556614221,0.0575916230366492,3.9894229517305214e-05,0.0023936537710383,0.0574476905049195,1503976.9090909092,False,False,False,0.0,0,0,0,0,0
0x17cdb4758f886ac00638177dfbd09e40b3ebcc91,usdc,215,7.681787464703472,9.228418259135378,0.1162790697674418,8.048517752776578e-05,0.0048291106516659,0.1158986556399827,745478.88,False,False,False,0.0,0,0,0,0,0
0x1a8dcae22e0bf66b0f6d8fdd9d9510524dde6d27,usdc,811,5.886055315680228,3.5553480614894135,0.0147965474722564,1.0270801668594438e-05,0.0006162481001156,0.0147899544027759,5841803.0,False,False,False,0.0,0,0,0,0,0
0x1bf111200848ab89d094ac2bbc8ad5cf0348561b,usdc,238,2.4182662501395136,2.379546134130174,0.0840336134453781,5.8162800003722417e-05,0.0034897680002233,0.0837544320053602,1031587.2,False,False,False,0.0,0,0,0,0,0
0x1d3e07b929cc3636372f3cc9fb2a19f9cbcc16d6,usdc,238,9.258686900338835,9.802749669363745,0.1470588235294117,0.0001019301493072,0.0061158089584369,0.1467794150024871,588638.4,False,False,False,0.0,0,0,0,0,0
0x1f85fdd9d8fbe81a0da6b9218dcd4c19778fe8e4,usdc,256,12.09321473962367,0.0001369906163570296,0.19140625,0.0001326537131669,0.0079592227900162,0.191021346960389,452305.4693877551,False,False,False,0.0,0,0,0,0,0
0x2037534a18c40bf56a51f568abd606b647293ef1,usdc,154,5.606932445856674,0.016597496347231358,0.2402597402597402,0.0001658316817394,0.0099499009043653,0.2387976217047676,361812.64864864864,False,False,False,0.0,0,0,0,0,0
0x231411264423bcea405260dc79a35ff27e7ac8aa,usdc,126,7.570934183224613,2.3978952727983707,0.1666666666666666,0.0001152037075844,0.0069122224550678,0.1658933389216274,520816.5714285714,False,False,False,0.0,0,0,0,0,0
0x2498f21606d77ac8dadb8cf5b72545a71c5e44ba,usdc,594,4.679918717471892,4.941386682767801,0.0488215488215488,3.389922438574605e-05,0.0020339534631447,0.0488148831154743,1769952.0,False,False,False,0.0,0,0,0,0,0
0x25d6573904ef7a9638e13cc1a096a468849fb96f,usdc,206,8.930146412950286,0.0007996801705643322,0.3398058252427184,0.000235534798584,0.0141320879150459,0.3391701099611031,254739.42857142855,False,False,False,0.0,0,0,0,0,0
0x26df6b137ff9e0889d06b7c55ff5e8852a893c2a,usdc,283,8.886674936124816,0.0,0.4098939929328622,0.0002845318665879,0.0170719119952748,0.4097258878865953,210872.6896551724,False,False,False,0.0,0,0,0,0,0
0x29be7286dc399a865b1a7081ed9ab928455ee4f5,usdc,271,5.115293533715981,4.867775936680053,0.029520295202952,2.0464545175483475e-05,0.001227872710529,0.0294689450526962,2931900.0,False,False,False,0.0,0,0,0,0,0
0x29cd9d78e6a47208165c99ae1e1454d8892c7d40,usdc,251,9.488518932631436,7.443078374348516,0.1513944223107569,0.0001047762530688,0.0062865751841304,0.1508778044191314,572648.8421052631,False,False,False,0.0,0,0,0,0,0
0x2a5ac4d6d1be764586c66608102980fa330ba9a4,usdc,435,7.7769068829760375,9.256603536445821,0.0206896551724137,1.436182282808547e-05,0.0008617093696851,0.020681024872443,4177742.6666666665,False,False,False,0.0,0,0,0,0,0
0x2af5f5f0680e9ca2f073206702a9a213859dcc68,usdc,944,8.782198556729323,7.339293877374786,0.5296610169491526,0.0003677389935719,0.0220643396143153,0.5295441507435682,163159.2,False,False,False,0.0,0,0,0,0,0
0x2b7402f56755e997ac742a8cbd58241a71742653,usdc,162,6.4853983032037545,5.303304908059076,0.2469135802469135,0.0001712598560047,0.0102755913602827,0.2466141926467868,350344.8,False,False,False,0.0,0,0,0,0,0
0x2f26912da941a7cdf7585ef67c1dbdef0f019b20,usdc,424,7.512485334040456,5.993961427306569,0.6627358490566038,0.0004598908111197,0.027593448667184,0.6622427680124174,130465.75088967972,False,False,False,0.0,0,0,0,0,0
0x2faf487a4414fe77e2327f0bf4ae2a264a776ad2,usdc,1192,5.382949526555381,3.9316295350670645,0.0025167785234899,1.7474130714419349e-06,0.0001048447842865,0.0025162748228763,34336472.0,False,False,False,0.0,0,0,0,0,0
0x2ff45e654929b8eb049e52b55f1178e76528f45f,usdc,164,8.003277249407958,10.5724202393393,3.347560975609756,0.002319577828385,0.1391746697031025,3.34019207287446,25866.775956284157,False,False,False,0.0,0,0,0,0,0
0x309229cdd35116f3f7e07b51e7a967d3ecd9872e,usdc,218,4.578859057422767,6.1657127414201875,0.3073394495412844,0.0002127211029493,0.0127632661769636,0.3063183882471273,282059.4626865672,False,False,False,0.0,0,0,0,0,0
0x31124f6124f3e5b44e5c56c44383a21490e7426d,usdc,472,5.581296466507674,5.282994656122411,0.0190677966101694,1.322260819178776e-05,0.0007933564915072,0.0190405557961743,4537682.666666667,False,False,False,0.0,0,0,0,0,0
0x3245e78da20a9221a6df15957e99b5ac866a8271,usdc,1277,6.079490565229581,6.918649998413465,0.115113547376664,7.991262161871984e-05,0.0047947572971231,0.1150741751309565,750820.0680272109,False,False,False,0.0,0,0,0,0,0
0x33aac8d42658b6f84beb45a74bfc2030c5bfdfd8,usdc,400,4.562496613772004,4.207493439697978,0.01,6.939695090616804e-06,0.000416381705437,0.0099931609304881,8645913.0,False,False,False,0.0,0,0,0,0,0
0x35fec8bbae747434b774111796aacee5a3a20ecd,usdc,165,5.195557126408321,6.300977398324439,0.7272727272727273,0.0005031379033908,0.0301882742034488,0.7245185808827722,119251.6,False,False,False,0.0,0,0,0,0,0
0x3644ffc4ac652d9bcff38039e05beb56fe10dfe0,usdc,846,6.37374957315851,2.4712395963038136,0.0153664302600472,1.0664034673534524e-05,0.000639842080412,0.0153562099298897,5626388.307692308,False,False,False,0.0,0,0,0,0,0
0x36d9560e371c9acaaa87972bd8c9989719c6e4b8,usdc,324,6.396569155661965,7.503111300552498,6.87962962962963,0.0047751481495604,0.2865088889736281,6.8762133353670745,12565.055181695829,False,False,False,0.0,0,0,0,0,0
0x3a8d6a68c6a582e596dbc9d8be4375ef053e42ce,usdc,358,6.82224785557805,0.0,0.0307262569832402,2.1328634312033267e-05,0.0012797180587219,0.0307132334093279,2813119.636363636,False,False,False,0.0,0,0,0,0,0
0x3b7b918f138f558a311757eb4a249536424ac873,usdc,1314,10.519450897457267,9.999500033330834e-05,7.597412480974125,0.0052740058596249,0.3164403515774977,7.594568437859944,11376.551637784232,False,False,False,0.0,0,0,0,0,0
0x3cd19b965212aa1abd650c64444c4a06ea645f1a,usdc,213,1.492812544882876,1.1400053201157399,0.0610328638497652,4.222758981808355e-05,0.002533655389085,0.0608077293380403,1420872.0,False,False,False,0.0,0,0,0,0,0
0x3cd751e6b0078be393132286c442345e5dc49699,usdc,645,6.17357186043261,6.915703553592139,0.0310077519379844,2.1517341219773605e-05,0.0012910404731864,0.0309849713564739,2788448.6,False,False,False,0.0,0,0,0,0,0
0x3f5ce5fbfe3e9af3971dd833d26ba9b5c936f0be,usdc,1645,12.459157246591376,1.1109910216998011,0.076595744680851,5.318571193426662e-05,0.0031911427160559,0.0765874251853439,1128122.5317460315,False,False,False,0.0,0,0,0,0,0
0x45248d628c9818929d5f5d07d0cda216d2c455fe,usdc,174,5.036875081699413,4.95758607300644,0.0632183908045977,4.382952069629967e-05,0.0026297712417779,0.0631145098026715,1368940.3636363635,False,False,False,0.0,0,0,0,0,0
0x4529d1ea3f1d79e17c6dc78311e1febddb085441,usdc,1313,10.660370662977499,9.999500033330834e-05,7.602437166793602,0.0052788363375907,0.3167301802554439,7.601524326130655,11366.141354437988,False,False,False,0.0,0,0,0,0,0
0x462357ac6f0aa69866cca953823801d1f285188f,usdc,138,5.875582061527225,5.000833479547329,0.0579710144927536,4.018840323436269e-05,0.0024113041940617,0.0578713006574822,1492968.0,False,False,False,0.0,0,0,0,0,0
0x46e789473c474860e6e0f7fcaaad3d23d3f4e363,usdc,213,9.505097580525227,10.586303619494856,0.1032863849765258,7.140835451781184e-05,0.0042845012710687,0.102828030505649,840237.8181818182,False,False,False,0.0,0,0,0,0,0
0x48b8a2d98298c0e2366deb672522ccbfba46cef1,usdc,292,6.515598547472105,5.49574874289475,0.565068493150685,0.0003911752754466,0.0234705165267997,0.5632923966431945,153383.92727272728,False,False,False,0.0,0,0,0,0,0
0x49048044d57e1c92a77f79988d21fa8faf74e97e,usdc,277,5.801870920472593,4.574710978503383,0.0902527075812274,6.260110077775607e-05,0.0037560660466653,0.0901455851199687,958449.6,False,False,False,0.0,0,0,0,0,0
0x4a52147393f24a76384b5a59ab400368466c3a43,usdc,226,5.97004572720995,6.908792742630569,0.2920353982300885,0.0002025570059864,0.0121534203591888,0.2916820886205315,296212.9090909091,False,False,False,0.0,0,0,0,0,0
0x4a6bd1641cdb4de4b19871e61664d9852b3db4f4,usdc,362,10.037718283899633,2.3978952727983707,0.0082872928176795,5.741538885529026e-06,0.0003444923331317,0.0082678159951617,10450160.0,False,False,False,0.0,0,0,0,0,0
0x4ae26e87e97374f44fbf25eab31461256840520f,usdc,146,9.467011687672942,9.499182891049259,1.4109589041095891,0.0009765459112868,0.0585927546772085,1.4062261122530042,61441.04368932039,False,False,False,0.0,0,0,0,0,0
0x4bab110bd78822b7c87cee470ee520e57df13938,usdc,878,6.167482145659437,4.069773774294137,0.0318906605922551,2.212430985980931e-05,0.0013274585915885,0.0318590061981254,2711949.0,False,False,False,0.0,0,0,0,0,0
0x4c62c0459140fce7d4b52813015ce55f08c877ff,usdc,127,4.722376647936428,3.741400744206036,1.0236220472440944,0.0007061770940052,0.0423706256403125,1.0168950153675,84964.52307692308,False,False,False,0.0,0,0,0,0,0
0x4cbb09ee8ae6cd6537ca63439c1723a210da064e,usdc,168,6.2210277419456474,6.422128211340215,0.0297619047619047,2.0577706770970948e-05,0.0012346624062582,0.0296318977501981,2915776.8,False,False,False,0.0,0,0,0,0,0
0x4d99acd7888832d78bf7d6adc5325ecc79578e43,usdc,681,9.202174321637914,7.837916192018459,0.079295154185022,5.506299197784891e-05,0.0033037795186709,0.0792907084481024,1089661.0925925926,False,False,False,0.0,0,0,0,0,0
0x4f7a7d29d4efe93b9ee8caca2b4869a4a875f5eb,usdc,264,8.551009896662016,7.601402334583733,9.844696969696969,0.0068124069158904,0.4087444149534298,9.809865958882314,8807.45979222778,False,False,False,0.0,0,0,0,0,0
0x503828976d22510aad0201ac7ec88293211d23da,usdc,1254,11.931636397244366,8.245238793468715,4.728867623604466,0.0032835700509248,0.197014203055492,4.72834087333181,18272.794266441822,False,False,False,0.0,0,0,0,0,0
0x5141b82f5ffda4c6fe1e372978f1c5427640a190,usdc,158,9.338969785027812,6.245799648558546,13.436708860759492,0.0093309493922356,0.5598569635341399,13.43656712481936,6430.213848327838,False,False,False,0.0,0,0,0,0,0
0x52875ab7559a17e6a082ec7e52707a7f12a870c7,usdc,281,6.868910534680217,0.0,0.4483985765124555,0.0003104752883847,0.0186285173030835,0.4470844152740043,193252.09523809524,False,False,False,0.0,0,0,0,0,0
0x52f03b6ba19d099a9de8ef11e306bf987c580dd2,usdc,575,6.410049964793559,0.0,0.0678260869565217,4.703926427695947e-05,0.0028223558566175,0.0677365405588216,1275530.1538461538,False,False,False,0.0,0,0,0,0,0
0x547351809b7bdb73e6fa14f8367a2d5b62e144c4,usdc,215,3.8010182576852167,3.8010182576852167,0.013953488372093,9.663479007058204e-06,0.0005798087404234,0.0139154097701638,6208944.0,False,False,False,0.0,0,0,0,0,0
0x5606edc7f7f6e42120f2bd2858becd823f6ee906,usdc,152,3.064618061458238,1.8970390316092534,0.6118421052631579,0.0004227268884301,0.025363613305806,0.6087267193393461,141935.61290322582,False,False,False,0.0,0,0,0,0,0
0x562680a4dc50ed2f14d75bf31f494cfe0b8d10a1,usdc,964,10.206302965138295,0.5513007421316681,0.0601659751037344,4.176074835261048e-05,0.0025056449011566,0.060135477627759,1436755.8620689656,False,False,False,0.0,0,0,0,0,0
0x56e60bf989046fb4d08999bf4456451d58179d5c,usdc,244,5.830987648891489,5.264708875374207,0.1147540983606557,7.965788078173968e-05,0.0047794728469043,0.1147073483257051,753221.1428571428,False,False,False,0.0,0,0,0,0,0
0x5766547790b989778c3d137dd19ed1bc5facf8aa,usdc,266,7.896848650033495,7.749322464660356,0.0150375939849624,1.0440707483220478e-05,0.0006264424489932,0.0150346187758374,5746737.0,False,False,False,0.0,0,0,0,0,0
0x5922c63185b6f78a4c47850e11d6c84e349676d0,usdc,219,0.6051616920819806,0.2457743324731884,1.995433789954338,0.0013850775484951,0.0831046529097087,1.994511669833011,43318.87414187643,False,False,False,0.0,0,0,0,0,0
0x59800e95ef87ce2e38c7fb147eb467ee9b684e0a,usdc,1152,7.523630897155792,6.880501345608429,0.0303819444444444,2.108792377852293e-05,0.0012652754267113,0.030366610241073,2845230.314285714,False,False,False,0.0,0,0,0,0,0
0x59c27905db3a1469e292bb043a129b9ca51b7a81,usdc,462,8.772283452134713,0.00028196024547367534,0.1233766233766233,8.555416434144457e-05,0.0051332498604866,0.1231979966516801,701310.1052631579,False,False,False,0.0,0,0,0,0,0
0x5ad3d537b675d0020a47f9b8861e581bb57b942b,usdc,1417,5.140304089330119,5.4182998749232665,0.0119971771347918,8.331076387565888e-06,0.0004998645832539,0.0119967499980948,7201950.529411765,False,False,False,0.0,0,0,0,0,0
0x5bb7bb763e273cef8c614966032a1261d75381fb,usdc,504,8.143259222300445,7.823784580686403,0.0753968253968253,5.226097480470899e-05,0.0031356584882825,0.0752558037187809,1148084.2105263155,False,False,False,0.0,0,0,0,0,0
0x5e65b21cb3373379eedc071e019a18a7fe2f210b,usdc,385,7.002311341580099,6.398594934535208,1.5844155844155845,0.0010996253342139,0.0659775200528397,1.5834604812681528,54564.039344262295,False,False,False,0.0,0,0,0,0,0
0x5f452990ba4d55646bd2c4667e9261dbf5d9c420,usdc,173,6.152238062870136,3.4341023591449167,0.1213872832369942,8.415572174752162e-05,0.0050493433048512,0.1211842393164311,712964.0,False,False,False,0.0,0,0,0,0,0
0x6077b5c4fdd6d590d17e025bd6e657f7427dcc4b,usdc,688,7.5180666454704905,9.999500033330834e-05,0.0087209302325581,6.054326684202687e-06,0.0003632596010521,0.0087182304252518,9910268.0,False,False,False,0.0,0,0,0,0,0
0x6123b0049f904d730db3c36a31167d9d4121fa6b,usdc,1469,6.390241631829985,9.999500033330834e-05,0.0027229407760381,1.8897293180070824e-06,0.0001133837590804,0.0027212102179301,31750579.0,False,False,False,0.0,0,0,0,0,0
0x653c6c4859c69e5df0f86184f3203aeb2b3a3773,usdc,1418,6.980656451753462,5.90169945211476,0.0211565585331452,1.4685972182108892e-05,0.0008811583309265,0.0211477999422368,4085531.366666666,False,False,False,0.0,0,0,0,0,0
0x6588444a2054bc1975568467773b5079e7f9676e,usdc,234,8.537728779773797,5.3380878035754575,7.397435897435898,0.0051183216399445,0.3070992983966731,7.370383161520157,11722.592720970537,False,False,False,0.0,0,0,0,0,0
0x6774495b7138c6faddabd41d51cbaf2b5da2e05c,usdc,202,7.672592628425975,0.0002499687552073569,3.43069306930693,0.0023748703759423,0.1424922225565394,3.4198133413569454,25264.536796536795,False,False,False,0.0,0,0,0,0,0
0x688bee785f704e15c1905ef3ac6ea81aabe85961,usdc,894,7.399606625710706,6.905753276311464,0.3008948545861297,0.0002087379085268,0.0125242745116114,0.3005825882786758,287441.7992565056,False,False,False,0.0,0,0,0,0,0
0x6a3d03931a220816eb15d8a57ada3448b0d28482,usdc,602,5.934645142948493,7.576368959292671,0.0531561461794019,3.690282862487837e-05,0.0022141697174927,0.0531400732198248,1625891.625,False,False,False,0.0,0,0,0,0,0
0x6c753bf3bc197de9f133c93cf73ad03c040872d3,usdc,232,7.957347255575042,0.00029995500899797546,11.258620689655173,0.0078157914895246,0.4689474893714811,11.254739744915543,7676.765696784074,False,False,False,0.0,0,0,0,0,0
0x6ff0c2110a9120861fc95ba6512a91666ce51181,usdc,334,7.722314305437514,7.3783837129967145,0.2215568862275449,0.0001534559100433,0.0092073546025989,0.2209765104623751,390991.7837837838,False,False,False,0.0,0,0,0,0,0
0x703ec964c039e1d1e4acb88e45876e03b5e33e53,usdc,202,1.6227963783863557,2.890864192186051,0.0891089108910891,6.175414713405864e-05,0.0037052488280435,0.0889259718730444,971594.6666666666,False,False,False,0.0,0,0,0,0,0
0x72a9596e39e557c50656c3181c16bfec02d00d3e,usdc,139,9.188065487807142,9.155740134516902,16.028776978417266,0.0111212606757613,0.6672756405456806,16.014615373096333,5395.071813285458,False,False,False,0.0,0,0,0,0,0
0x77c6433e9165f60092883ca2fb783b7c8dffe0ef,usdc,250,3.615683960396907,1.9162519461594019,0.036,2.490569045215451e-05,0.0014943414271292,0.0358641942511024,2409088.0,False,False,False,0.0,0,0,0,0,0
0x77e2485fc25d08830627af479610bd4297d9fc36,usdc,983,0.7104969982550423,0.7827620821030137,0.005086469989827,3.530901888382824e-06,0.0002118541133029,0.0050844987192712,16992825.6,False,False,False,0.0,0,0,0,0,0
0x785271f043d64cefc8f2ac3df23e156c7643aa2f,usdc,267,10.192331449807998,4.110873864173311,0.0224719101123595,1.5596301181211865e-05,0.0009357780708727,0.022458673700945,3847066.0,False,False,False,0.0,0,0,0,0,0
0x78cce872a51d6347a6647d7ee7b4be733712a4a1,usdc,481,13.000236413453932,4.009240456143505,0.0207900207900207,1.4432942672063047e-05,0.0008659765603237,0.0207834374477707,4157156.4,False,False,False,0.0,0,0,0,0,0
0x7a76a56d765c7505fa7bb4f176ab17a4f736083d,usdc,233,7.765899014411897,7.384610383176974,0.03862660944206,2.680985911716921e-05,0.0016085915470301,0.0386061971287236,2237982.6666666665,False,False,False,0.0,0,0,0,0,0
0x7adade5171cf2aedb9a1c6d964d43be8e8d0c923,usdc,633,6.656658555546518,1.3826810911150367,0.2195892575039494,0.0001523999817558,0.0091439989053514,0.2194559737284359,393700.8345323741,False,False,False,0.0,0,0,0,0,0
0x7c99ef6cc6c833d4d2127cf11af3ecfeca91fb0b,usdc,1316,8.24405868158997,7.444372873944272,0.0220364741641337,1.529884688370666e-05,0.0009179308130223,0.0220303395125375,3921864.206896552,False,False,False,0.0,0,0,0,0,0
0x7fab0f8a9ec94155f533ed9211b0b868698fa222,usdc,205,6.6033414149437,5.968707559985366,0.0878048780487804,6.0817539778472113e-05,0.0036490523867083,0.0875772572809998,986557.5,False,False,False,0.0,0,0,0,0,0
0x81216f193e8bed640a2378c38d689ebacc4b5d2c,usdc,417,7.706235138217523,0.0003269465471524033,12.014388489208631,0.0083389527407191,0.5003371644431494,12.008091946635584,7195.148103792415,False,False,False,0.0,0,0,0,0,0
0x812711cc51788f77183f51318609d6ca33fb183f,usdc,234,6.294887272535336,5.5254529391317835,0.0213675213675213,1.4778803432209605e-05,0.0008867282059325,0.0212814769423818,4059868.6,False,False,False,0.0,0,0,0,0,0
0x82d88875d64d60cbe9cbea47cb960ae0f04ebd4d,usdc,201,8.705694748207316,8.521469723204834,9.945273631840797,0.0068749819441444,0.4124989166486681,9.899973999568036,8727.295647823912,False,False,False,0.0,0,0,0,0,0
0x8350db8de4b527fde76fc52e9fb16aedd8048a7a,usdc,495,7.520418682739308,6.788303365398343,0.0343434343434343,2.38249733370519e-05,0.0014294984002231,0.0343079616053547,2518365.882352941,False,False,False,0.0,0,0,0,0,0
0x83624f93669830da1c1ef629fcd895879fafc1dd,usdc,260,5.76653652557753,3.044522437723423,0.4692307692307692,0.0003256581230347,0.0195394873820823,0.4689476971699775,184242.29508196723,False,False,False,0.0,0,0,0,0,0
0x845e7c75daafaf51813167b4b26ed31366f697ff,usdc,315,7.433132665820279,0.0,0.0412698412698412,2.8648938116089904e-05,0.0017189362869653,0.0412544708871694,2094318.4615384613,False,False,False,0.0,0,0,0,0,0
0x8841920ee4dbd5e45da0173b69dbe4ffad053d01,usdc,289,7.258808025747524,7.66104620716882,0.0138408304498269,9.596082878968804e-06,0.0005757649727381,0.013818359345715,6252551.25,False,False,False,0.0,0,0,0,0,0
0x8b2b8ac946dd91845acdbf7fcd1af670fb4e5e6f,usdc,569,10.202776654852821,11.538938749849887,0.015817223198594,1.0982887928415e-05,0.0006589732757049,0.0158153586169176,5463044.0,False,False,False,0.0,0,0,0,0,0
0x8ca2aebcde73797aa3e7a0ba0e92865a64f31b97,usdc,522,5.37447163510845,6.224853508507478,0.0191570881226053,1.3296005241817108e-05,0.000797760314509,0.0191462475482166,4512633.6,False,False,False,0.0,0,0,0,0,0
0x8de64f748274fea148702077092b4414bb4a4ed0,usdc,332,3.6805827691094986,2.931387387001367,0.0120481927710843,8.360200929069128e-06,0.0005016120557441,0.0120386893378595,7176861.0,False,False,False,0.0,0,0,0,0,0
0x8f359cd49f38cb79281a97f70946979d5a9ff03f,usdc,676,5.420046618972092,4.583118760639904,0.0044378698224852,3.080154870186873e-06,0.0001848092922112,0.004435423013069,19479540.0,False,False,False,0.0,0,0,0,0,0
0x90c17abce28c526343dd933dcb6bd371aefbbbc5,usdc,246,5.619715606101174,4.363468709164933,0.3658536585365853,0.0002536334399345,0.0152180063960717,0.3652321535057214,236561.86666666667,False,False,False,0.0,0,0,0,0,0
0x95b564f3b3bae3f206aa418667ba000afafacc8a,usdc,323,11.342261408877732,8.715040538615357,2.1331269349845203,0.001480496552957,0.0888297931774249,2.1319150362581984,40526.943396226416,False,False,False,0.0,0,0,0,0,0
0x95fc37a27a2f68e3a647cdc081f0a89bb47c3012,usdc,540,13.142884555888338,9.433563920090563,2.8759259259259258,0.0019958140595269,0.1197488435716152,2.873972245718767,30062.920798454605,False,False,False,0.0,0,0,0,0,0
0x9823764b64a01a3031df1f9c00c989021a79e5f8,usdc,271,4.6907270131536745,0.41871033485818504,0.1476014760147601,0.0001021927498331,0.0061315649899902,0.1471575597597653,587125.8,False,False,False,0.0,0,0,0,0,0
0x98db3a41bf8bf4ded2c92a84ec0705689ddeef8b,usdc,125,6.8933281702647715,8.848061722997361,8.224,0.0056821699256232,0.3409301955373962,8.182324692897508,10559.346303501943,False,False,False,0.0,0,0,0,0,0
0x9bb27e1cf7a8057c729e6f8caa5f8d0dc696a645,usdc,169,8.283477501382245,9.999500033330834e-05,0.0177514792899408,1.2296835778217547e-05,0.000737810146693,0.0177074435206332,4879304.0,False,False,False,0.0,0,0,0,0,0
0x9bbdb2338f4178a4b76e14fbcee51d2148eacb8a,usdc,454,10.622403262376615,0.0008376490740369532,0.2312775330396475,0.0001604068773913,0.0096244126434839,0.2309859034436148,374048.8,False,False,False,0.0,0,0,0,0,0
0x9d6f424b4d624b878abc92b577b9363f56a1cfbb,usdc,465,7.875279626532405,0.0,0.0924731182795698,6.410099693448162e-05,0.0038460598160688,0.0923054355856535,936022.8837209302,False,False,False,0.0,0,0,0,0,0
0x9eaa4f7319dee30c43d04aa04de9949927f368ac,usdc,711,7.2438742160575575,7.824445930877619,0.0140646976090014,9.759544346393555e-06,0.0005855726607836,0.0140537438588067,6147828.0,False,False,False,0.0,0,0,0,0,0
0x9ee15510f69a23e08a0d2666272764a8c1ceb51c,usdc,638,11.803907104729745,10.758200708677464,0.1504702194357366,0.0001044826730905,0.0062689603854307,0.1504550492503386,574257.8958333334,False,False,False,0.0,0,0,0,0,0
0x9f041fbbc6fd007115dae9bd1ce6001b26747797,usdc,1615,7.979244956029609,5.227190040160657,0.0879256965944272,6.102261046003892e-05,0.0036613566276023,0.087872559062456,983242.1056338028,False,False,False,0.0,0,0,0,0,0
0x9f6bde7814fcc01f22e90d589e61185c2dbe9045,usdc,345,34.27533967455539,0.00014998875112487344,0.217391304347826,0.0001507603750274,0.0090456225016493,0.2170949400395836,397982.56,False,False,False,0.0,0,0,0,0,0
0xa0b86991c6218b36c1d19d4a2e9eb0ce3606eb48,usdc,539,16.45398961326831,9.105090961257085,0.0296846011131725,2.058817852524304e-05,0.0012352907115145,0.0296469770763499,2914293.75,False,False,False,0.0,0,0,0,0,0
0xa12431d0b9db640034b0cdfceef9cce161e62be4,usdc,426,8.968867869942331,0.0,4.117370892018779,0.0028588351534366,0.1715301092061989,4.116722620948774,20987.56898517674,False,False,False,0.0,0,0,0,0,0
0xa176ba58b1d901104ae1a349efa70cf324dd369c,usdc,359,3.3478955217491273,2.3592697279518355,0.0083565459610027,5.788164746603794e-06,0.0003472898847962,0.0083349572351094,10365980.0,False,False,False,0.0,0,0,0,0,0
0xa3ae78bfa9bbd0e95ca652e34b59e459d8131f90,usdc,1413,4.238670154995716,1.634282123288972,0.0141542816702052,9.82399108348372e-06,0.000589439465009,0.0141465471602165,6107497.4,False,False,False,0.0,0,0,0,0,0
0xa604114e8810ea3c1f995fc93df749f11cd41c24,usdc,350,6.734057216351052,6.9103549010347685,0.1257142857142857,8.718319805407101e-05,0.0052309918832442,0.1255438051978622,688206.0,False,False,False,0.0,0,0,0,0,0
0xa6283e400d231d28ba472ed9b77daaa890b02ceb,usdc,141,5.497147611734164,0.0008456423437039362,0.7021276595744681,0.0004859959529791,0.0291597571787493,0.6998341722899835,123457.81818181818,False,False,False,0.0,0,0,0,0,0
0xa8564b3b7f9c11669c15dea2712c719029825041,usdc,1540,6.1686182335024125,6.90875477931522,0.0077922077922077,5.408500391331294e-06,0.0003245100234798,0.007788240563517,11093648.083333334,False,False,False,0.0,0,0,0,0,0
0xa8e73a289666d4ca7d16e35e9523f4c249e9f131,usdc,366,4.350464172530298,3.068895092047822,2.308743169398907,0.0015995214686067,0.0959712881164073,2.303310914793775,37511.218934911245,False,False,False,0.0,0,0,0,0,0
0xa910f92acdaf488fa6ef02174fb86208ad7722ba,usdc,799,26.36416230148418,6.422225219328043,0.5456821026282853,0.0003784767560583,0.0227086053635017,0.545006528724042,158530.21100917432,False,False,False,0.0,0,0,0,0,0
0xa93c57a4de1058a6bcf9a1ac71bdcfc9d9205264,usdc,660,6.708781686276896,6.621405651764134,0.0848484848484848,5.884372912886483e-05,0.0035306237477318,0.0847349699455653,1019649.8571428572,False,False,False,0.0,0,0,0,0,0
0xaafe57f6c840b35531beefdd6b334177c43399be,usdc,1480,6.319367105209825,0.0,0.006081081081081,4.222059798018066e-06,0.000253323587881,0.006079766109146,14211073.0,False,False,False,0.0,0,0,0,0,0
0xac05cfc24e2af6a974ab415a62ec2b55ff4b4d3f,usdc,167,12.194396799083213,12.70930553439934,0.1916167664670658,0.0001328142509691,0.0079688550581477,0.1912525213955457,451758.75,False,False,False,0.0,0,0,0,0,0
0xac729170f845b14b6c42f35e63ab0846ae13aafe,usdc,492,5.275397885958641,5.312635826387866,0.3008130081300813,0.0002088913767663,0.012533482605982,0.3008035825435686,287230.6216216216,False,False,False,0.0,0,0,0,0,0
0xaca8a5ebaca86906fbd2acdb47de40d171b301ae,usdc,424,8.79851002715743,9.710569842351317,0.375,0.0002604141075657,0.015624846453946,0.3749963148947042,230402.2641509434,False,False,False,0.0,0,0,0,0,0
0xad5bbc1214a594ba9b75b56ff82afa555a44655b,usdc,185,4.395766353417996,4.5428912540549335,0.7891891891891892,0.0005457274771542,0.0327436486292521,0.7858475671020525,109944.98630136986,False,False,False,0.0,0,0,0,0,0
0xae04dc37d626bd10bf8a925c2149470dc9916fba,usdc,1829,5.13962763001403,5.179224582295304,0.0060142154182613,4.17520342887949e-06,0.0002505122057327,0.0060122929375864,14370557.272727272,False,False,False,0.0,0,0,0,0,0
0xaf26cee9e8c32557e364b21b31e72dfc7c545f90,usdc,766,4.996963369479203,0.6778467232697679,0.010443864229765,7.247683232756629e-06,0.0004348609939653,0.0104366638551695,8278507.5,False,False,False,0.0,0,0,0,0,0
0xb2a03b41c7e06512fbb852443a143c664bb339e7,usdc,1271,8.181544858271568,9.464893627245377,0.044846577498033,3.113387468708294e-05,0.0018680324812249,0.0448327795493994,1927161.350877193,False,False,False,0.0,0,0,0,0,0
0xb312665792d45a3884e605e8b7626ad5b09d66a1,usdc,689,4.22429944681528,2.777918182901745,0.2177068214804063,0.000151183951763,0.0090710371057828,0.2177048905387873,396867.52,False,False,False,0.0,0,0,0,0,0
0xb448df2ecca1c5714b00c707f1b1b08b426f77b3,usdc,167,7.170128291042137,9.999500033330834e-05,0.1497005988023952,0.0001036162914651,0.00621697748791,0.1492074597098412,579059.52,False,False,False,0.0,0,0,0,0,0
0xb5d85cbf7cb3ee0d56b3bb207d5fc4b82f43f511,usdc,1187,5.071917015530997,2.2433155463983385,0.0429654591406908,2.981258058165163e-05,0.001788754834899,0.0429301160375783,2012573.176470588,False,False,False,0.0,0,0,0,0,0
0xb6cf99b96f585c3c82d509c07ddef44919d20fd2,usdc,1195,8.706463278582477,0.0,0.407531380753138,0.000282911790892,0.0169747074535231,0.407392978884556,212080.23819301848,False,False,False,0.0,0,0,0,0,0
0xb75b605d07f0f77a4e26b43f3b5a819ea8a45dca,usdc,525,7.246415287719453,0.00010799416841986999,0.0761904761904762,5.288856168498727e-05,0.0031733137010992,0.0761595288263816,1134460.8,False,False,False,0.0,0,0,0,0,0
0xb76c291871b92a7c9e020b2511a3402a3bf0499d,usdc,270,8.98304726221116,10.13766093440824,3.022222222222222,0.0020927164874813,0.1255629892488827,3.0135117419731867,28670.86887254902,False,False,False,0.0,0,0,0,0,0
0xb847032f77443ba29f9f63ae362f50ecb576dbc3,usdc,496,5.141485195776947,0.0004469001252615637,0.1693548387096774,0.0001175628877475,0.0070537732648557,0.169290558356538,510365.1428571429,False,False,False,0.0,0,0,0,0,0
0xba0a9f1f0d5be1ab4fae6b1e984e40ab125f59cf,usdc,201,10.661952695839522,0.00030495349695537876,0.1890547263681592,0.0001306474958656,0.0078388497519416,0.1881323940465999,459251.0526315789,False,False,False,0.0,0,0,0,0,0
0xba7795665319a90d1df11ce295773ecfaff9c35d,usdc,212,10.427415503166324,9.61587214452889,0.1839622641509433,0.0001273599138916,0.0076415948334981,0.1833982760039553,471105.8461538461,False,False,False,0.0,0,0,0,0,0
0xbfa91acd89cccf2ab1cdb695fc6bbb880fc48117,usdc,408,7.866898004844682,5.753069575649534,0.0294117647058823,2.039239037560744e-05,0.0012235434225364,0.0293650421408747,2942274.0,False,False,False,0.0,0,0,0,0,0
0xc2d64f1bc211abe55d2c691b7935f4cc75b39dce,usdc,497,8.391949606544266,8.50420929100818,0.0824949698189134,5.717417344970834e-05,0.0034304504069825,0.08233080976758,1049424.8780487804,False,False,False,0.0,0,0,0,0,0
0xc9b8c9867fde1860458852dd2ba066a2deaa8af8,usdc,121,8.609141338259889,0.0,0.9090909090909092,0.0006284421490436,0.0377065289426175,0.9049566946228204,95474.18181818182,False,False,False,0.0,0,0,0,0,0
0xca3b50a182b3136506dfca6556c8e96a5cc1c2b2,usdc,660,7.426948512821638,6.933306059826143,0.1681818181818181,0.0001166831705024,0.0070009902301496,0.168023765523592,514212.97297297296,False,False,False,0.0,0,0,0,0,0
0xca5b222226afe47d0bf4a7f4eb91a87c033f17a3,usdc,168,6.333492749299876,7.172754530358887,0.1904761904761904,0.0001321448009692,0.0079286880581569,0.1902885133957662,454047.375,False,False,False,0.0,0,0,0,0,0
0xcc012785bd13c180e1679d6d80ba7018c291e5de,usdc,168,6.081194318863665,0.0009995003330835331,0.3928571428571428,0.0002723552040064,0.0163413122403856,0.3921914937692557,220300.54545454544,False,False,False,0.0,0,0,0,0,0
0xcc7cba4425dc6b047a4bcc9b92ea34843890bb98,usdc,138,3.660009837519052,2.1169332369042686,0.2101449275362318,0.0001457932611338,0.0087475956680297,0.2099422960327139,411541.6551724138,False,False,False,0.0,0,0,0,0,0
0xcff41b381076b699b6bf887ac451c325d3b49c52,usdc,752,6.847992623010133,0.39334461749414035,0.0132978723404255,9.2295184180347e-06,0.000553771105082,0.0132905065219699,6500880.9,False,False,False,0.0,0,0,0,0,0
0xd1742b3c4fbb096990c8950fa635aec75b30781a,usdc,578,8.89453057198132,9.999500033330834e-05,1.6972318339100343,0.0011786167916729,0.070717007500376,1.6972081800090253,50907.13149847095,False,False,False,0.0,0,0,0,0,0
0xd1917932a7db6af687b523d5db5d7f5c2734763f,usdc,171,6.157059220376034,7.998335395952982,0.8245614035087719,0.0005715036138483,0.034290216830903,0.8229652039416725,104986.21276595745,False,False,False,0.0,0,0,0,0,0
0xd3e52099a6a48f132cb23b1364b7dee212d862f6,usdc,121,7.921647304566527,0.0,2.495867768595041,0.0017305777035119,0.1038346622107156,2.4920318930571743,34670.503311258275,False,False,False,0.0,0,0,0,0,0
0xd4a14393416a321b74168e259a9592982c88ae72,usdc,1161,6.821112847347176,6.728378118794966,0.0602928509905254,4.186116117977311e-05,0.0025116696707863,0.0602800720988732,1433309.5,False,False,False,0.0,0,0,0,0,0
0xd533764a6347955bf7225eae2f4d79e780ec9a2a,usdc,681,12.750832476670267,0.0009995003330835331,0.198237885462555,0.0001375912280801,0.0082554736848113,0.1981313684354715,436074.3111111112,False,False,False,0.0,0,0,0,0,0
0xd71ee71fb38ce6e404b81786d4dd263a074f30a9,usdc,246,5.351219757887078,4.213728434374248,0.2764227642276423,0.0001916302663097,0.0114978159785825,0.27594758348598,313102.9411764706,False,False,False,0.0,0,0,0,0,0
0xd71f5b4b5ec18130ebce8d6b91731461e04d7919,usdc,336,7.657934726540365,5.301218020580593,0.1458333333333333,0.0001011300143976,0.0060678008638567,0.145627220732561,593295.6734693878,False,False,False,0.0,0,0,0,0,0
0xd89551d350532d001ad3105968fecb24b1c3cec8,usdc,132,9.228943269976298,11.156264806643742,9.522727272727272,0.0066097780544851,0.396586683269111,9.518080398458666,9077.46062052506,False,False,False,0.0,0,0,0,0,0
0xdba641603fd5f6a5df2dbf1f4976b547c374b867,usdc,175,7.0909098220799835,7.496097345175956,0.0171428571428571,1.185168641596575e-05,0.0007111011849579,0.0170664284389906,5062570.666666667,False,False,False,0.0,0,0,0,0,0
0xdc8ffb227671e07d653d65804af7087b5b24e0bf,usdc,683,9.517799634493016,0.0,0.1551976573938506,0.000107767111206,0.00646602667236,0.1551846401366405,556756.1320754717,False,False,False,0.0,0,0,0,0,0
0xdf58ab307715c0e7f3e47bf237541219bf34f3b3,usdc,134,5.484902125053265,3.638736182407262,0.0597014925373134,4.121663255990323e-05,0.0024729979535941,0.0593519508862606,1455723.0,False,False,False,0.0,0,0,0,0,0
0xe14f0f83db016e7c23efc78c3110ccd3ef3cf20e,usdc,2056,6.715237270552065,0.0,0.0068093385214007,4.726980069909671e-06,0.0002836188041945,0.0068068513006699,12693093.5,False,False,False,0.0,0,0,0,0,0
0xe1904452d40778e09ef6f185632da17d8e5e9872,usdc,135,7.767556363709098,0.0134264603262239,0.3703703703703703,0.0002565981652204,0.0153958899132287,0.3695013579174903,233828.64,False,False,False,0.0,0,0,0,0,0
0xe1ec00d17726636f18ecfd4a899ff7f07d65375d,usdc,601,12.264105738017701,13.385009140708842,1.2079866888519135,0.0008387645068134,0.0503258704088041,1.2078208898112988,71533.78512396694,False,False,False,0.0,0,0,0,0,0
0xe2d0951855314e6d8fc8dbed364a7156d3aa20ec,usdc,230,11.107475356749566,11.51293546492023,0.0260869565217391,1.808117725339685e-05,0.0010848706352038,0.0260368952448914,3318368.0,False,False,False,0.0,0,0,0,0,0
0xe2d6ccd40184753bb2aa27d9cc2b0e042ff19936,usdc,179,8.100828139569275,0.00044989878036475215,0.0837988826815642,5.795520140205223e-05,0.0034773120841231,0.0834554900189552,1035282.4,False,False,False,0.0,0,0,0,0,0
0xe346f8313a7e1831e895ce4cb5ad11a5a841b41d,usdc,218,7.15480641266361,4.331031401124943,0.3807339449541284,0.0002634405462296,0.0158064327737813,0.3793543865707531,227755.3734939759,False,False,False,0.0,0,0,0,0,0
0xe5ef6ed18ea12348e2c62dbe2146423826cf0480,usdc,350,29.90266140893742,0.0,4.125714285714285,0.0028627721070835,0.1717663264250122,4.122391834200293,20958.706371191136,False,False,False,0.0,0,0,0,0,0
0xe66b31678d6c16e9ebf358268a790b763c133750,usdc,428,6.979555869044215,1.595606497909592,3.691588785046729,0.0025591338077125,0.1535480284627509,3.685152683106024,23445.432911392407,False,False,False,0.0,0,0,0,0,0
0xe6f03769fc786fa15cc2490d4fef0d019dc63c29,usdc,405,7.066195192228678,7.89275971938089,0.0172839506172839,1.2002471823340077e-05,0.0007201483094004,0.0172835594256097,4998970.285714285,False,False,False,0.0,0,0,0,0,0
0xe7a371700402d95034f8ca0cef315b78f7152098,usdc,126,8.230974671581981,8.912248165887467,0.0317460317460317,2.204517497255376e-05,0.0013227104983532,0.0317450519604774,2721684.0,False,False,False,0.0,0,0,0,0,0
0xea7ea1a65a960d8bfd67fccf24afaed8b9261d77,usdc,411,9.699972729730531,0.0,3.0875912408759123,0.0021404615030661,0.1284276901839683,3.0822645644152407,28031.33806146572,False,False,False,0.0,0,0,0,0,0
0xeca95b8dbe5d466635dd8f298417f31275140934,usdc,579,9.817620859992479,5.520233997503189,0.0518134715025906,3.597277580327208e-05,0.0021583665481963,0.0518007971567118,1667928.0,False,False,False,0.0,0,0,0,0,0
0xf045d1bd1d505c2e65397884e2abbd8e53418fc4,usdc,287,9.48302387987605,9.708932672844716,15.35540069686411,0.0106603464140887,0.6396207848453269,15.350898836287849,5628.334921715453,False,False,False,0.0,0,0,0,0,0
0xf2aba42dcff6f912a2a6b4a52c279ad3246b17b9,usdc,1917,10.864056479352463,9.673382324888367,0.2978612415232133,0.0002068017718457,0.0124081063107425,0.2977945514578221,290132.9106830123,False,False,False,0.0,0,0,0,0,0
0xf463da898e624ca6c144d4d82ef16be4bdd3dea8,usdc,1251,11.334052206530172,13.078769355946298,0.7809752198241406,0.0005423302950254,0.0325398177015276,0.7809556248366626,110633.68679631525,False,False,False,0.0,0,0,0,0,0
0xf6a834c4e4d02e810fc5883cec7aac959405e2a7,usdc,607,13.442537939148057,11.418730731513252,3.86490939044481,0.0026839359909867,0.161036159459204,3.864867827020897,22355.227621483376,False,False,False,0.0,0,0,0,0,0
0xf7392a67bd519c207673ab8c359c4b6e890127c6,usdc,137,7.266118689381429,0.0005498488054354668,5.408759124087592,0.0037290298684724,0.2237417921083461,5.369803010600309,16089.975708502025,False,False,False,0.0,0,0,0,0,0
0xf80a6aa43ce626e08ba07626da23c5b4aaaec88e,usdc,376,4.609584145453622,3.713667671890084,0.0797872340425532,5.533985310589391e-05,0.0033203911863536,0.0796893884724872,1084209.6,False,False,False,0.0,0,0,0,0,0
0xf92312812d7c361458fbfa5fe68c52059a407ee2,usdc,151,7.341177624314576,7.676320644420696,0.086092715231788,5.959546597694848e-05,0.0035757279586169,0.0858174710068058,1006788.0,False,False,False,0.0,0,0,0,0,0
0xfa1982653dfa916f06c9684172d5db34b737d106,usdc,409,7.4151431122836335,0.0,0.0342298288508557,2.3747408988055054e-05,0.0014248445392833,0.0341962689427992,2526591.4285714286,False,False,False,0.0,0,0,0,0,0
0xfbe8fd8f36d3eefc7589fed4e3ffd0cb86d5b1cb,usdc,899,6.239097276344808,0.4044365793537603,3.025583982202447,0.0021008864195921,0.1260531851755275,3.0252764442126603,28559.373529411765,False,False,False,0.0,0,0,0,0,0
0xfd1535453522c1115e0c7a6bb18becd77b463e76,usdc,410,8.576893447598327,5.673323267171493,15.765853658536583,0.0109449390324226,0.6566963419453614,15.760712206688671,5481.9857673267325,False,False,False,0.0,0,0,0,0,0
0xfdb304adbdc399e26efb30855ddb1b0a56298910,usdc,163,9.0963437386135,6.841517930053428,0.6809815950920245,0.0004705862402279,0.0282351744136749,0.6776441859281995,127500.54054054056,False,False,False,0.0,0,0,0,0,0
0xfe5f64dcfd21d53b890fef68474af7aa5e555903,usdc,1919,7.542800278510753,0.00014998875112487344,0.0218863991662324,1.5196726600968362e-05,0.0009118035960581,0.0218832863053944,3948218.6904761903,False,False,False,0.0,0,0,0,0,0
0xff0a7a0eb235122d9f0b2f7ec31b5206651b5bc6,usdc,357,2.3525387268953986,0.09717298915169313,0.0672268907563025,4.6639941979912175e-05,0.0027983965187947,0.0671615164510735,1286451.0,False,False,False,0.0,0,0,0,0,0
0xffdd3af7cfa0e37bae63c5bbe35270dddc56b390,usdc,670,5.313789083223528,5.0626627522529555,0.026865671641791,1.8634796195892706e-05,0.0011180877717535,0.0268341065220854,3219783.0,False,False,False,0.0,0,0,0,0,0
