wallet,token,wallet_age_days,avg_tx,recent_tx,tx_frequency,tx_per_min,tx_per_hour,tx_per_day,avg_time_between_tx_sec,label,is_high_freq,is_low_value,is_new_wallet,risk_score_rule
0x00000000005bbb0ef59571e58418f9a4357b68a0,usdc,507,9.89331169645252,0.7934449018753092,0.2090729783037475,0.0001451335886224,0.0087080153173441,0.2089923676162602,413412.2264150944,0,False,False,False,0.0
0x00821f4a88a5b6ed7fd31969f778f0a444fe83c3,usdc,78,11.263798945319646,10.3091197401524,14.525641025641026,0.0100479784318768,0.6028787059126101,14.469088941902642,5971.35039717564,0,False,False,False,0.0
0x0083022683e56a51ef1199573411ba6c2ab60000,usdc,8,3.7618994060168025,4.258940825068122,0.75,0.0004942665085013,0.029655990510083,0.7117437722419929,121392.0,0,False,False,False,0.0
0x0085698995bf4b7d570a2ffe4869dd32cd879384,usdc,28,3.9983628536594686,1.1044869987177925,0.1428571428571428,9.65982911762291e-05,0.0057958974705737,0.1391015392937699,621129.0,0,False,False,False,0.0
0x013ecce73a32e0c66f6c143e12843bb140a5804f,usdc,245,3.834451596739507,4.849199989030102,0.1265306122448979,8.756033189320126e-05,0.005253619913592,0.1260868779262098,685241.8064516129,0,False,False,False,0.0
0x01d37a36220d52108ae6d453fe6cd80af2906376,usdc,68,8.841209765704193,4.229782997783763,0.7352941176470589,0.0005078668576246,0.0304720114574763,0.7313282749794313,118141.2,0,False,False,False,0.0
0x026babd2ae9379525030fc2574e39bc156c10583,usdc,1308,6.020161288154887,1.60435159904528,2.69954128440367,0.001874257044985,0.1124554226991053,2.698930144778527,32012.68479184367,0,False,False,False,0.0
0x02d9f1af4d5954f1c5c668350db8c7514a373316,usdc,182,3.8722446484204283,2.1223640485785236,0.0879120879120879,6.101258003134521e-05,0.0036607548018807,0.0878581152451371,983403.75,0,False,False,False,0.0
0x0306f8319f06ff5b7c62cce67682e8f14ffec55f,usdc,153,7.1198451963985505,7.180002485131968,0.130718954248366,9.02088244076212e-05,0.0054125294644572,0.1299007071469745,665123.4,0,False,False,False,0.0
0x0375f232a0dc61543b29ae653e4fe7bf9a9aaa22,usdc,50,3.6805927137264898,3.4977447352452398,0.08,5.5328095606949206e-05,0.0033196857364169,0.0796724576740068,1084440.0,0,False,False,False,0.0
0x037ac478992e23340fbd4114f218943037916300,usdc,617,6.519158867288915,4.99594961207739,0.1037277147487844,7.197968193528172e-05,0.0043187809161169,0.1036507419868056,833568.5625,0,False,False,False,0.0
0x03e0e66ec74272165157093cb58c195083b348d1,usdc,10,4.6066774062274565,5.594116407101765,2.4,0.001576437513958,0.0945862508374824,2.2700700200995785,38060.5,0,False,False,False,0.0
0x04aa78aa957bcf2d9151d5121634d4d146653fee,usdc,227,7.37473271063186,1.4417330888135311,19.50220264317181,0.0134984821449261,0.8099089286955715,19.43781428869372,4444.944206008584,0,False,False,False,0.0
0x051e373bebe9f31d6c49c7fff3f170b6e9993d8f,usdc,236,5.946829201253202,0.0,0.0550847457627118,3.823896055915949e-05,0.0022943376335495,0.0550641032051896,1569080.3076923075,0,False,False,False,0.0
0x053d0b75ad76ad7f463f28a09649fc870a7760ed,usdc,87,5.116443378521414,0.0,0.5862068965517241,0.0004064010556865,0.0243840633411904,0.5852175201885701,147637.41176470587,0,False,False,False,0.0
0x0570b8ad3106d7fab55c61d670cfb3554ef1ffc4,usdc,523,6.374827867675501,5.67023757661343,0.0325047801147227,2.254996608219808e-05,0.0013529979649318,0.0324719511583652,2660757.882352941,0,False,False,False,0.0
0x069d8b37972b853c29c44422832f662510397581,usdc,910,6.479846185256799,0.0,0.1054945054945055,7.32459539621712e-05,0.0043947572377302,0.1054741737055265,819157.875,0,False,False,False,0.0
0x072ab8b22c7c7b4dd2b3367c6e7445d6c9e3cb2f,usdc,61,9.238096638280966,10.2046438141959,11.245901639344265,0.0076949480310579,0.4616968818634786,11.080725164723487,7797.32361516035,0,False,False,False,0.0
0x08baf37cfeaff1e8e2a8695ed9b7dc3cf96beb9d,usdc,37,7.485359586533682,3.886397437270039,42.48648648648648,0.0292399836315613,1.7543990178936797,42.10557642944831,2051.9847328244277,0,False,False,False,0.0
0x08d2e418b82e6349ac8927edc745568274fa3613,usdc,9,6.655713547077052,6.913283457407276,2.111111111111111,0.001368126962182,0.0820876177309254,1.9701028255422104,43855.57894736842,0,False,False,False,0.0
0x092c531b4685fb44ba743042e6d81367b955bacc,usdc,373,6.08594568107603,7.316282361126121,0.0268096514745308,1.858827964356602e-05,0.0011152967786139,0.026767122686735,3227840.4,0,False,False,False,0.0
0x0a2978072FCe42eCeC6193431b1fbF65368Ed4a2,usdc,540,4.0327872639314855,1.4390376537517002,0.024074074074074,1.670826596474813e-05,0.0010024959578848,0.0240599029892373,3591036.923076923,0,False,False,False,0.0
0x0a4244c1c659a9dd396362f934a1404748c28eda,usdc,97,5.0416528598414025,6.260250456300893,0.0721649484536082,4.9821142099861496e-05,0.0029892685259916,0.0717424446238005,1204308.0,0,False,False,False,0.0
0x0aa01049db0467031621dda0c755dbe1091910c1,usdc,137,10.063249042001603,0.0,0.1970802919708029,0.0001359839800798,0.0081590388047914,0.1958169313149953,441228.4444444445,0,False,False,False,0.0
0x0b1edb328079e8b7a0b2b637e7879eeb7a113c06,usdc,432,3.57213195280986,0.45190330221394903,0.037037037037037,2.570063133600877e-05,0.0015420378801605,0.0370089091238526,2334573.0,0,False,False,False,0.0
0x0c156d4ef76d7c16a5e35f7811a11215cecb1aa2,usdc,92,4.573904269084745,0.0,0.2934782608695652,0.0002018157437209,0.0121089446232548,0.2906146709581165,297300.8888888889,0,False,False,False,0.0
0x0c5e56cdad4a82dc5ddbb7a77dc32c36f371d5af,usdc,19,6.234341115452496,3.488872427263933,0.2105263157894736,0.0001407033761775,0.0084422025706506,0.2026128616956163,426429.0,0,False,False,False,0.0
0x0cf9cde7545dfc63b38e3555da46bd9c5ff79f84,usdc,972,10.08748890842726,10.1492554294285,0.0360082304526749,2.4982158575084296e-05,0.001498929514505,0.0359743083481213,2401714.0,0,False,False,False,0.0
0x0d0e364aa7852291883c162b22d6d81f6355428f,usdc,321,8.829497166022476,8.335649625109186,5.697819314641745,0.0039476501445241,0.2368590086714484,5.684616208114763,15198.915254237289,0,False,False,False,0.0
0x0db4f195888367e88a6a19de365092d0f8c5117d,usdc,138,32.92053240753904,13.8922033378512,21.043478260869566,0.0146067494851925,0.8764049691115534,21.033719258677287,4107.690082644628,0,False,False,False,0.0
0x0e2b7a397ed34322c48eaea76d34a62fb79ad25f,usdc,290,2.4480008502120683,9.999500033330834e-05,34.47241379310345,0.0239105820290581,1.4346349217434895,34.431238121843755,2509.3492047614286,0,False,False,False,0.0
0x0e67fd506db5c6199c5d2b2b54380deb414e2431,usdc,197,9.440285957236627,8.808219665118408,10.791878172588833,0.0074817899707414,0.4489073982444891,10.77377755786774,8019.471307619943,0,False,False,False,0.0
0x0f7c12020c06d3474d22868b499fd78ab95cfd0d,usdc,54,3.2268240383637963,6.083268373196279,3.537037037037037,0.0024422865940203,0.1465371956412217,3.516892695389321,24567.141361256545,0,False,False,False,0.0
0x0f9c04e1bbce0a60f58d9c619d378823698d7f3c,usdc,739,6.787263302655459,4.937026449665257,0.0230040595399188,1.5963424601552922e-05,0.0009578054760931,0.0229873314262362,3758592.0,0,False,False,False,0.0
0x11918f1cb6db5e008a692f47c5320216fba6054b,usdc,95,8.806243455708474,5.993961427306569,9.642105263157896,0.0066316742081447,0.3979004524886878,9.549610859728508,9047.489082969432,0,False,False,False,0.0
0x1199c7c4790330499feaa9110024fc8d3330dc68,usdc,218,5.439620331372724,6.353302986479939,0.0229357798165137,1.5894672995713524e-05,0.0009536803797428,0.0228883291138274,3774849.6,0,False,False,False,0.0
0x1231d994d6a040cdfe613f042781ae97486f4eae,usdc,12,7.884068899196858,4.908294385204016,0.3333333333333333,0.0002176373291546,0.0130582397492817,0.3133977539827631,275688.0,0,False,False,False,0.0
0x123432a7045cd81b22a7792aec2510ffbd6f4eae,usdc,90,8.753921099398566,11.51293546492023,2.1666666666666665,0.0015039426434838,0.0902365586090304,2.1656774066167306,39895.13846153846,0,False,False,False,0.0
0x12e917786eff8778226c57de11c3b6e17ecfe606,usdc,208,2.8879050931785852,1.7918314666361794,0.0192307692307692,1.332786890708143e-05,0.0007996721344248,0.0191921312261972,4501845.0,0,False,False,False,0.0
0x139d602458a7aaf3243bc9ac9d09cc9b18da5fcd,usdc,1773,7.1839169966366,3.583694534149395,0.0107163000564015,7.4398668357813665e-06,0.0004463920101468,0.0107134082435251,8064660.47368421,0,False,False,False,0.0
0x147b12c06d9e8e3837280f783fd8070848d4412e,usdc,93,8.019720667783568,10.547497365553525,20.04301075268817,0.0139050102795623,0.8343006167737393,20.02321480256974,4314.9914163090125,0,False,False,False,0.0
0x14d2595fecbdd884035900c85ce56afbbec6c745,usdc,40,8.871505346165781,6.90875477931522,0.2,0.0001369961538329,0.0082197692299788,0.1972744615194928,437968.5,0,False,False,False,0.0
0x14d8ed59acda3e7c5316574cce15ca9fb0a5c745,usdc,163,9.255982731784758,10.146472946063877,0.1840490797546012,0.0001273730663707,0.0076423839822424,0.1834172155738199,471057.2,0,False,False,False,0.0
0x180cce684197475800febf5417768b999f6eabc7,usdc,423,5.579750446681314,3.4381719844535166,0.1749408983451536,0.000121352337328,0.0072811402396807,0.1747473657523369,494428.0540540541,0,False,False,False,0.0
0x182dbccd5b62686b59dd397b8c57fb00daf82ef5,usdc,152,14.139976001627012,9.063893554765594,6.098684210526316,0.0042081313626991,0.2524878817619496,6.05970916228679,14258.11003236246,0,False,False,False,0.0
0x188042d09dfd16fba1234a555ac48ee23ad11386,usdc,56,0.5730068687098822,1.200198490556401,0.1071428571428571,7.4395720758142e-05,0.0044637432454885,0.1071298378917244,806498.0,0,False,False,False,0.0
0x1888c27d535c9e70634cb5612532931f604b1340,usdc,1568,6.540982805748268,4.245421394043996,0.0382653061224489,2.6572494533373564e-05,0.0015943496720024,0.0382643921280579,2257973.933333333,0,False,False,False,0.0
0x18b290aa726394f9f4c06912a5292a16da4871d5,usdc,202,6.272995344826936,7.330987621503234,0.0297029702970297,2.061990301772281e-05,0.0012371941810633,0.0296926603455208,2909810.0,0,False,False,False,0.0
0x1985ea6e9c68e1c272d8209f3b478ac2fdb25c87,usdc,786,5.363034471907415,0.6931471805599453,0.0470737913486005,3.265088858069588e-05,0.0019590533148417,0.047017279556202,1837622.2702702703,0,False,False,False,0.0
0x1b59718eafa2bffe5318e07c1c3cb2edde354f9c,usdc,63,5.288458712224705,1.5063395029504312,2.952380952380953,0.0020312684288466,0.1218761057307979,2.9250265375391518,29538.1935483871,0,False,False,False,0.0
0x1b9970c9c7b6e90b4fdb091d7d282a778ed388b8,usdc,55,4.110873864173311,3.044522437723423,0.0545454545454545,3.72985876268152e-05,0.0022379152576089,0.0537099661826138,1608640.0,0,False,False,False,0.0
0x1c65313c3be89d78ba315a044eb5847d21a3a2eb,usdc,138,7.400377297639027,0.13215569678878353,37.35507246376812,0.0257883067662914,1.5472984059774844,37.135161743459626,2326.635887487876,0,False,False,False,0.0
0x1ce24ad9908a0964acc91b8edbd104dd6f9ffac4,usdc,130,10.285955384699244,10.397909366476442,23.0,0.0159064889963271,0.9543893397796286,22.905344154711088,3772.045484949833,0,False,False,False,0.0
0x1cf7a639c634a1212f545a82b97c83389007936e,usdc,90,3.314606672919042,3.6884190981663956,0.6444444444444445,0.0004447709506288,0.0266862570377334,0.6404701689056027,134900.89655172414,0,False,False,False,0.0
0x1d355a3d8c50f33f31a9f5d95926e60dc023aecd,usdc,877,8.528715321919233,0.0,0.1174458380843785,8.15345208453689e-05,0.0048920712507221,0.1174097100173312,735884.6213592233,0,False,False,False,0.0
0x1da25b94dc512bafbcabba4e120a48ef192480da,usdc,561,7.708892915441025,6.4038092696410445,0.1212121212121212,8.408596454391649e-05,0.0050451578726349,0.1210837889432397,713555.4705882353,0,False,False,False,0.0
0x1dc0f287598c26f27ea7652ad8ea2bcb3d7cc720,usdc,38,6.247714207945836,4.402418965511725,0.6842105263157895,0.0004638053444646,0.0278283206678796,0.6678796960291127,129364.6153846154,0,False,False,False,0.0
0x1f0deef5cb772a07c3b0a145466f220f3b7612cd,usdc,386,8.39477062555459,6.90875477931522,0.4248704663212435,0.000294962331152,0.017697739869123,0.4247457568589533,203415.8048780488,0,False,False,False,0.0
0x20011fa1a83bba9c8357f852ec667d8439a7da4a,usdc,25,6.755587818738691,3.392330923872968,46.72,0.031293369985157,1.877602199109425,45.0624527786262,1917.3390410958905,0,False,False,False,0.0
0x20f5b89cb6cd4ec821982b08c3abe5319ef5d0b9,usdc,319,2.8896263968502898,0.6489152120144531,0.0376175548589341,2.6058926181142543e-05,0.0015635355708685,0.0375248537008452,2302474.0,0,False,False,False,0.0
0x222ab2db70ad9b191121f2847b66c5feb01d9cc9,usdc,313,6.791264805693521,0.0,0.0830670926517571,5.7651584864241606e-05,0.0034590950918544,0.0830182822045079,1040734.6153846154,0,False,False,False,0.0
0x2252e558977eb6ce96caef7cdbf7db78ccf0902b,usdc,390,6.755643878065181,0.0,0.2307692307692307,0.0001599738922607,0.0095984335356469,0.2303624048555275,375061.2,0,False,False,False,0.0
0x22f74fe57cdb034eb818d449b303e249724ee5f6,usdc,424,3.657658564870735,3.9097433088934794,0.0117924528301886,8.183705195441612e-06,0.0004910223117264,0.0117845354814359,7331642.4,0,False,False,False,0.0
0x22f9dcf4647084d6c31b2765f6910cd85c178c18,usdc,342,9.542440708368412,0.26236580292784606,4.33625730994152,0.0030041198779553,0.180247192677321,4.325932624255705,19972.57181389076,0,False,False,False,0.0
0x248137df2bcdbab73a7f18a7f734e90283a547da,usdc,291,3.6170760588065214,1.667747008429778,0.415807560137457,0.000288675613543,0.0173205368125822,0.415692883501974,207845.7520661157,0,False,False,False,0.0
0x24a6d2a43d586038c2497c86c4852ab999363785,usdc,19,6.246819689585345,3.5057375609360792,0.2105263157894736,0.0001406974371961,0.0084418462317708,0.2026043095625013,426447.0,0,False,False,False,0.0
0x2747b405f2ce9474817828ddc395c46db848e203,usdc,37,8.656700401100244,8.32770355755222,51.21621621621622,0.0346903134393386,2.0814188063603183,49.95405135264763,1729.5894459102904,0,False,False,False,0.0
0x288b62472129e60b975b3e2bc2623e43598a1db0,usdc,19,5.892724218187893,5.272999558563747,0.3157894736842105,0.0002141480476836,0.0128488828610179,0.30837318866443,280180.0,0,False,False,False,0.0
0x28effad61aecf3a9e68aeb2e6d5ab742220aec7e,usdc,59,12.152540925531724,8.241070113771526,40.57627118644068,0.0279276168433626,1.675657010601762,40.21576825444229,2148.4110275689222,0,False,False,False,0.0
0x296dba713bcdc568501824307a80d0f9dc6e8a0f,usdc,332,9.773952816388718,9.999999950000001e-09,4.156626506024097,0.0028803189890664,0.1728191393439885,4.147659344255725,20831.02608695652,0,False,False,False,0.0
0x2a5779ee2f7a480fd7f30756df3f5166e1622896,usdc,24,9.555060495405149,9.207298646516119,0.375,0.000253096210306,0.0151857726183646,0.3644585428407518,237064.0,0,False,False,False,0.0
0x2b1edac1d63fb086bc358598b1a5f175c9a0541e,usdc,1651,6.397802226139525,5.303304908059076,0.052695336159903,3.657241120225566e-05,0.0021943446721353,0.0526642721312481,1640580.91954023,0,False,False,False,0.0
0x2b226dfa5cd9bed2f3a171e8df549d59588b52d0,usdc,1251,8.948383104554157,0.48211560720394364,0.3213429256594724,0.0002230886298939,0.0133853177936379,0.3212476270473099,268951.4029850746,0,False,False,False,0.0
0x2b22d1a731175a04142fe1bc3c5bbb2b2d813d2f,usdc,249,3.7723806933969923,1.1930915172674819,0.1686746987951807,0.0001170426336153,0.0070225580169187,0.1685413924060509,512633.7142857143,0,False,False,False,0.0
0x2b3acfc9f10d52cd3a5bfc2639470e3a7ed15070,usdc,40,6.869674871927005,0.961638023773657,46.3,0.0313828092697904,1.8829685561874292,45.19124534849831,1911.8747300215985,0,False,False,False,0.0
0x2b3e85ea7c16f46e7b8c244fdcd820a51c0fc2c1,usdc,34,4.3453696015661665,0.011749701114092908,0.3529411764705882,0.0002405580947798,0.0144334856867933,0.3464036564830406,249420.0,0,False,False,False,0.0
0x2b8364073d7312c4ee49881b7338913b725393b1,usdc,96,4.109781528265201,5.26152066071374,0.1875,0.000130000881117,0.0078000528670249,0.1872012688085997,461535.3333333333,0,False,False,False,0.0
0x2c11a5a75048d0d1e1598aec4b67a11f1e851293,usdc,650,9.75328951098166,9.999995000003334e-07,2.9984615384615383,0.0020805809315024,0.124834855890147,2.996036541363529,28838.09953822473,0,False,False,False,0.0
0x2c2e3ffcfc9a959898c1e88d82da35f80e9cbff3,usdc,121,7.493322843120322,0.00048688145398637756,0.1570247933884297,0.0001085886786586,0.00651532071952,0.1563676972684803,552543.7894736842,0,False,False,False,0.0
0x2cbc47be6a393fd0cefc21340f28088ac4d6f713,usdc,1386,6.446498193795607,0.0,0.0418470418470418,2.9040301404281328e-05,0.0017424180842568,0.0418180340221651,2066094.2586206896,0,False,False,False,0.0
0x2cdaa25294d7c0600e0aa382426d063c8e79a646,usdc,74,5.694925594700979,3.2033293624386223,0.1081081081081081,7.490552540608159e-05,0.0044943315243648,0.1078639565847574,801009.0,0,False,False,False,0.0
0x2d00c8b4d59e33786278567ff7c52c344bc58217,usdc,49,8.503423336979488,0.0008286565692895995,3.5306122448979598,0.0024484619978883,0.1469077198733027,3.525785276959265,24505.179190751445,0,False,False,False,0.0
0x2e1dee213ba8d7af0934c49a23187babeaca8764,usdc,101,6.879765700912789,4.324649529275619,9.257425742574258,0.0063766115436446,0.3825966926186799,9.18232062284832,9409.386096256683,0,False,False,False,0.0
0x2e38f6eb3753a3f7f1eea71fed0cffce006d54ea,usdc,374,8.70587897266733,8.268777670297922,0.7005347593582888,0.0004855396291144,0.0291323777468663,0.6991770659247918,123573.84732824429,0,False,False,False,0.0
0x2e5b0aa712a05a9b61fe6b976148f0b9afb2c550,usdc,89,6.808204471700653,7.244942035987137,9.561797752808989,0.0065687909102136,0.3941274546128196,9.45905891070767,9134.10105757932,0,False,False,False,0.0
0x2ecba8e35f659df6f5d6614d63276aa58d7d5422,usdc,27,9.142434184449279,2.3978952727983707,23.925925925925927,0.0161199363187655,0.96719617912593,23.212708299022324,3722.0990712074304,0,False,False,False,0.0
0x30ac0dc254a9882814c730a533c447c54e2983a0,usdc,534,5.298393459763986,5.638354669333745,0.0674157303370786,4.6760752764989285e-05,0.0028056451658993,0.0673354839815845,1283127.3333333333,0,False,False,False,0.0
0x30edb1ef696e232cd93b4effc94592bc42f3cc5e,usdc,23,3.258133178375857,2.2939657529794575,0.2608695652173913,0.0001752285272042,0.0105137116322537,0.2523290791740895,342410.0,0,False,False,False,0.0
0x31a43eb48625239d0bd2d2213a6202b3eecbecf2,usdc,376,9.515224423498319,6.509729432818983,4.430851063829787,0.0030720255380101,0.1843215322806083,4.4237167747346,19531.08763505402,0,False,False,False,0.0
0x33face3ae554a703026556623e9b0c01d0a63071,usdc,58,8.978354268852108,9.105090961257085,0.2413793103448276,0.0001666531756953,0.009999190541718,0.2399805730012332,360029.14285714284,0,False,False,False,0.0
0x3451b6b219478037a1ac572706627fc2bda1e812,usdc,397,10.924032092943351,3.0015429090660257,2.216624685138539,0.0015380678791302,0.0922840727478142,2.2148177459475407,39009.98181818182,0,False,False,False,0.0
0x34ea7586a9faed2d46e95264349005e7228f5226,usdc,326,5.1911801743283466,5.518496809229452,0.0429447852760736,2.981288581068477e-05,0.001788773148641,0.042930555567386,2012552.5714285716,0,False,False,False,0.0
0x353bb62ed786cdf7624bd4049859182f3c1e9e5d,usdc,1077,6.4624055120905854,3.1159421398510876,4.646239554317549,0.0032252230489237,0.1935133829354247,4.644321190450195,18603.36450839329,0,False,False,False,0.0
0x362a8e052cc80d018542c04ba7addd6dca4c2b69,usdc,7,7.0125131507365985,7.1059844453363015,1.7142857142857142,0.00117162328406,0.0702973970436039,1.6871375290464938,51211.0,0,False,False,False,0.0
0x363d698649cd04f9692ab86e8365b227c1ee859d,usdc,61,0.06583925258824298,0.03956103985096521,20.131147540983605,0.0139554335275881,0.8373260116552872,20.09582427972689,4299.400651465798,0,False,False,False,0.0
0x3787e2ba47ff93e40cc4b090c45208bc671ffe15,usdc,765,6.110525793424218,1.1789487993311667,6.69281045751634,0.0046419951875565,0.2785197112533931,6.6844730700814345,12925.4765625,0,False,False,False,0.0
0x37caa08c10c27c93296ae920863c28f8155a02e4,usdc,1367,6.335203346765786,7.212742495702285,0.0043891733723482,3.047311517455241e-06,0.0001828386910473,0.0043881285851355,19689486.83333333,0,False,False,False,0.0
0x381e65792d6197dcee079cbd423efbb629d42dd9,usdc,553,5.137962609376155,4.665041583025482,0.2350813743218806,0.0001630611750338,0.0097836705020327,0.2348080920487859,367960.0615384616,0,False,False,False,0.0
0x39aa39c021dfbae8fac545936693ac917d5e7563,usdc,325,10.378308314138506,1.883670393254781,19.23076923076923,0.0133251690910656,0.7995101454639418,19.188243491134607,4502.75712,0,False,False,False,0.0
0x3ab19fe9908237b698225e417541726128932c2b,usdc,377,7.786356388457126,7.985713040250194,0.0106100795755968,7.3565870144468655e-06,0.0004413952208668,0.0105934853008034,8155956.0,0,False,False,False,0.0
0x3c132493e359d1cda7de1196869387a4d6daaea1,usdc,1359,9.181578036136166,6.8075199382600635,0.0441501103752759,3.065398619114557e-05,0.0018392391714687,0.0441417401152496,1957331.0833333333,0,False,False,False,0.0
0x3c3b3dd7a4096826587abb2f2f989ea89eca163f,usdc,598,5.9178376966005235,5.082707862887907,0.0066889632107023,4.644157043795891e-06,0.0002786494226277,0.006687586143066,12919459.75,0,False,False,False,0.0
0x3c8999e6b8ae7eec906e0bf5de1e26ba4b03b0d8,usdc,434,9.401967943703296,9.534901408137541,0.1336405529953917,9.266229641454426e-05,0.0055597377848726,0.1334337068369437,647512.551724138,0,False,False,False,0.0
0x3cda76c94b0d06061330ab868627f64eac9c463b,usdc,84,4.399025678738005,4.6275173966137855,0.0595238095238095,4.114014142335016e-05,0.002468408485401,0.0592418036496242,1458429.6,0,False,False,False,0.0
0x3d0b2d3808b951b8e8c2d8ac63348de2bd3637f5,usdc,425,8.730653419342623,9.609129306079637,1.1858823529411764,0.0008224623609238,0.0493477416554339,1.1843457997304152,72951.66666666667,0,False,False,False,0.0
0x3dddf266beb6c9b3b6172b323c6bfa9c2bc8a896,usdc,134,3.3088365150215324,1.0986122886681098,0.0820895522388059,5.700598355532845e-05,0.0034203590133197,0.0820886163196729,1052521.0909090908,0,False,False,False,0.0
0x3e9ba86f0ec034457eb9e0061ae13d29d8a40b12,usdc,37,6.722635318402167,5.303006356034168,22.97297297297297,0.0159013443183561,0.9540806591013684,22.897935818432835,3773.265882352941,0,False,False,False,0.0
0x3ea1dc6d292946694c44b4c9845f5b0c1fef9e8b,usdc,51,3.8493787469464533,0.4847339779849118,0.4117647058823529,0.0002839303532364,0.017035821194184,0.4088597086604166,211319.42857142855,0,False,False,False,0.0
0x3eb210eaa4026f62d027fafaba1fa5592febb06a,usdc,1257,7.6376023925878975,6.90404841705081,0.4542561654733492,0.0003153625990561,0.0189217559433699,0.4541221426408784,190257.18388791595,0,False,False,False,0.0
0x3ef3d8ba38ebe18db133cec108f4d14ce00dd9ae,usdc,13,6.775572719392142,3.0215013309599446,17.46153846153846,0.01201452328277,0.7208713969662006,17.300913527188815,4993.955947136564,0,False,False,False,0.0
0x3fa5db0910afc2a1e6de45039ea217410fb8641d,usdc,168,3.7350592062967194,2.3984186812508104,29.81547619047619,0.0206691711204349,1.2401502672260971,29.76360641342633,2902.8740267518465,0,False,False,False,0.0
0x3fda25f27211a138adf211f4c060f2149674be6d,usdc,62,9.917074964417326,5.942064196812855,49.79032258064516,0.0345633729015095,2.07380237409057,49.77125697817368,1735.941690962099,0,False,False,False,0.0
0x406f4533b2f6209812d7ef9c7d69b8c54217c208,usdc,1630,8.661733390262,3.222794775739078,0.0515337423312883,3.578331033036834e-05,0.0021469986198221,0.0515279668757304,1676759.3452380951,0,False,False,False,0.0
0x412dbfae09511d2bdfc4ce3835610a768ee64b23,usdc,1171,5.629361364087599,5.151227558325462,0.1682322801024765,0.0001167585226312,0.0070055113578779,0.1681322725890698,513881.116751269,0,False,False,False,0.0
0x418340b636a908e69e98bb0c36ec4610980dce87,usdc,284,8.417177728840107,7.84056271954788,0.1056338028169014,7.326590590606236e-05,0.0043959543543637,0.1055029045047298,818934.8,0,False,False,False,0.0
0x41a096161376bf740d30549349224af5eb37cac3,usdc,258,4.152181816190535,4.512387503370008,0.0968992248062015,6.716277570319426e-05,0.0040297665421916,0.0967143970125997,893352.0,0,False,False,False,0.0
0x420cafe478ebb83542a70089e5a65da67cc829ac,usdc,7,4.271743126001292,1.8640909834619692,19.0,0.0131037064769749,0.786222388618495,18.86933732684388,4578.857142857143,0,False,False,False,0.0
0x4229851dd1fc22b481dd93e5e23af2535eefe940,usdc,203,3.3875492229027917,0.1198280542907456,22.876847290640395,0.0158438919476592,0.9506335168595524,22.815204404629256,3786.9483204134367,0,False,False,False,0.0
0x4234071b094c6651fdaf32cd465fb90164eb64b7,usdc,1244,7.125085747354732,4.05247914157765,0.0192926045016077,1.3395322420387412e-05,0.0008037193452232,0.0192892642853578,4479175.5,0,False,False,False,0.0
0x432a53832811f0193c56737f5d35aeb80e0f647f,usdc,161,5.422204809264572,5.758018102797875,0.1614906832298136,0.0001121286063363,0.006727716380178,0.1614651931242738,535099.8461538461,0,False,False,False,0.0
0x4429f8362093602ad2c3697e901a9f0eeb1cf036,usdc,2132,5.4124631336724525,3.8011841778511823,0.0928705440900562,6.446561556276363e-05,0.0038679369337658,0.0928304864103796,930728.7222222222,0,False,False,False,0.0
0x44f892a3f275cdaf2518279fd30fcd114ebf7347,usdc,462,6.7132720220031805,5.945420608606575,0.1017316017316017,7.054051141570603e-05,0.0042324306849423,0.1015783364386166,850575.0638297872,0,False,False,False,0.0
0x45e3f5c8887bc064febf8874acb0cf42d9885835,usdc,280,6.202126989686295,4.330733340286331,0.1357142857142857,9.412305549198122e-05,0.0056473833295188,0.1355371999084529,637463.3684210526,0,False,False,False,0.0
0x46a5c54694cb9f53b247c29fb1321f0ba7a05248,usdc,99,4.0912115378010006,0.23733753837511154,0.3737373737373737,0.0002576809825863,0.0154608589551802,0.3710606149243253,232846.05405405405,0,False,False,False,0.0
0x47cba37161c9d8caab6dd8f82ebe8029a0373a82,usdc,114,4.750293925306066,2.8127529204594794,0.0789473684210526,5.480019240956446e-05,0.0032880115445738,0.0789122770697728,1094886.6666666667,0,False,False,False,0.0
0x47ebcf27421858d4019238620a44a4ea10ebb5d9,usdc,128,7.103479867485443,3.7714717626373533,13.953125,0.0096588678249376,0.579532069496257,13.908769667910173,6211.908174692049,0,False,False,False,0.0
0x49d3fc00f3acf80fabcb42d7681667b20f60889a,usdc,1133,9.54708830618161,9.384190310648043,5.368049426301853,0.0037273209191443,0.2236392551486608,5.367342123567858,16097.35284445906,0,False,False,False,0.0
0x49e9a8ea9b6c05d5b2307538d159350a5aea73ac,usdc,23,4.994863305577308,3.713572066704308,15.826086956521738,0.0108545902392184,0.6512754143531082,15.630609944474596,5527.615384615385,0,False,False,False,0.0
0x4a51ff9fdf9fd835c7fadbabd46b5da6a5bb9540,usdc,1441,8.328678514132195,6.230189267102648,0.0673143650242886,4.674297594023375e-05,0.002804578556414,0.0673098853539366,1283615.3195876288,0,False,False,False,0.0
0x4a768b3f80c5be64711c34eafbdf11a266c74bd3,usdc,879,5.3874784170275225,5.246314441484818,0.0068259385665529,4.739742328648045e-06,0.0002843845397188,0.0068252289532531,12658916.0,0,False,False,False,0.0
0x4a9f8e9e09d7da789216e0d677b4df9d81146e9f,usdc,106,5.139501145322138,3.2306789728485907,0.0471698113207547,3.268764341703549e-05,0.0019612586050221,0.0470702065205311,1835556.0,0,False,False,False,0.0
0x4acb6c4321253548a7d4bb9c84032cc4ee04bfd7,usdc,13,6.703112138070448,6.793810152994613,2.6153846153846154,0.0018162005085361,0.1089720305121685,2.615328732292045,33036.0,0,False,False,False,0.0
0x4af13c3ddcd22d969701c247fe8ca9857e41814b,usdc,412,4.607591227899557,5.007194681972749,0.0097087378640776,6.7347006122516325e-06,0.000404082036735,0.0096979688816423,8909082.0,0,False,False,False,0.0
0x4b08528d3c0bc46fab2701acef64cd53d6b3f9cd,usdc,43,4.667622038224263,3.8397269415459943,10.511627906976743,0.0071985526449903,0.431913158699419,10.365915808786056,8335.008849557522,0,False,False,False,0.0
0x4b5e2518c7de1aa246deba4ebfb922a6b8532287,usdc,19,6.244761888671804,3.4816406244953892,0.2105263157894736,0.0001406786337291,0.0084407180237465,0.2025772325699172,426504.0,0,False,False,False,0.0
0x4bcc65e69fd0a6712064ca5dcd9dc31c03ca4198,usdc,650,6.890191948800378,0.0008995952428360929,0.0338461538461538,2.348056215027304e-05,0.0014088337290163,0.0338120094963931,2555305.090909091,0,False,False,False,0.0
0x4c00f19971de32c695921fad2b7dd9543bf762d5,usdc,112,5.554286761197781,2.3100275292315327,0.0892857142857142,6.19662383147166e-05,0.0037179742988829,0.0892313831731919,968269.2,0,False,False,False,0.0
0x4c22ab651f7747a152aaa9e9db6c8f98e8760b31,usdc,47,0.48495512461453355,0.8101935004634638,0.3404255319148936,0.0002351834430856,0.0141110065851364,0.3386641580432737,255120.0,0,False,False,False,0.0
0x4c9fad010d8be90aba505c85eacc483dff9b8fa9,usdc,340,8.636391343882533,7.623664674503534,5.229411764705882,0.0036308640598778,0.2178518435926685,5.228444246224044,16524.992125984252,0,False,False,False,0.0
0x4d3d53000c3524a07276664a1686b8b9aaf13022,usdc,139,7.408012308638637,4.758350137668343,6.294964028776978,0.0043572181925561,0.2614330915533707,6.2743941972808965,13770.253714285716,0,False,False,False,0.0
0x4d5f5da93d6107ae323006cc3f1ead4e384dc991,usdc,143,8.013466514987046,6.981884269200692,8.034965034965035,0.0055524681663324,0.3331480899799454,7.995554159518689,10806.005221932115,0,False,False,False,0.0
0x4ebd51bffd7a462dbcfbd4eb7134baf682db6fa4,usdc,24,2.532163327259559,0.2242277633438715,0.3333333333333333,0.0002300476773811,0.0138028606428682,0.3312686554288376,260815.5,0,False,False,False,0.0
0x4ee0c74099c70c56c0e857d379113048d8740a71,usdc,11,6.810945118335483,0.0,1.6363636363636365,0.0011202947619996,0.067217685719976,1.6132244572794263,53557.333333333336,0,False,False,False,0.0
0x4ffc15ea5d1d5606f436c8c189c4e633aba61141,usdc,13,10.268234827365733,10.62135173563291,0.7692307692307693,0.0005065599513702,0.0303935970822146,0.7294463299731524,118446.0,0,False,False,False,0.0
0x506459dcaeeec360a9ed53abd6684757cf9a0776,usdc,1254,8.451872453506697,4.736159052881661,1.0478468899521531,0.0007272864135813,0.0436371848148795,1.0472924355571105,82498.44748858447,0,False,False,False,0.0
0x509b52749c2991b7472b3ee5876f5e0bca8f2429,usdc,100,7.74571648635093,2.8560871443559077,35.34,0.0243172053517118,1.4590323211027103,35.01677570646505,2467.388794567062,0,False,False,False,0.0
0x50f02612ea1f79a84ef72d6912a5452f40a88edd,usdc,40,15.248402099228326,8.206344764788923,28.925,0.0200651379933474,1.2039082796008478,28.893798710420345,2990.2610198789976,0,False,False,False,0.0
0x5141b82f5ffda4c6fe1e372978f1c5427640a190,usdc,158,9.338969785027812,6.245799648558546,13.436708860759492,0.0093309493922356,0.5598569635341399,13.43656712481936,6430.213848327838,0,False,False,False,0.0
0x524bb268a2dfd3e91ba03ead68af4ba343bfec4f,usdc,174,1.1919362548311798,1.3862943611198906,0.0229885057471264,1.5881422943732912e-05,0.0009528853766239,0.0228692490389753,3777999.0,0,False,False,False,0.0
0x5393b489e9bfb09be9cac59ed5c65cacc55cdebd,usdc,1835,8.838832592728062,4.78095856463989,1.31716621253406,0.0009146057832437,0.0548763469946228,1.3170323278709488,65602.03434009102,0,False,False,False,0.0
0x53a1f685d66c14962e7ebbc58e5f30b17b0c06df,usdc,81,6.317281649901563,0.04430583888101181,11.851851851851851,0.0081607809867404,0.4896468592044259,11.75152462090622,7352.2375,0,False,False,False,0.0
0x5418226af9c8d5d287a78fbbbcd337b86ec07d61,usdc,224,8.078457427969424,8.148459154874068,9.084821428571429,0.0063069602187321,0.3784176131239319,9.082022714974366,9513.299262899263,0,False,False,False,0.0
0x5427fefa711eff984124bfbb1ab6fbf5e3da1820,usdc,98,9.444504862314997,6.919599122938029,19.79591836734694,0.0136981852022883,0.8218911121372983,19.72538669129516,4380.142268041237,0,False,False,False,0.0
0x543529b62f3920b1b97385adff64dad03fb0397b,usdc,1886,8.277416911580376,4.78095856463989,0.0296924708377518,2.0614740393420543e-05,0.0012368844236052,0.0296852261665255,2910538.714285714,0,False,False,False,0.0
0x547ca741984b570a63824ec0c314f6ab19423303,usdc,432,8.446035914399781,8.5276829086556,0.074074074074074,5.143421082240089e-05,0.003086052649344,0.0740652635842572,1166538.75,0,False,False,False,0.0
0x54f3a59e52585da312bff5e2456d921e97fc489f,usdc,89,3.1397335447456896,3.0363942552728806,9.101123595505618,0.0062893960782121,0.3773637646927281,9.056730352625474,9539.866666666669,0,False,False,False,0.0
0x55d03bb57f44d74fe6afdc0fe33d925916486f06,usdc,12,7.452297590768103,6.552179592067529,9.5,0.0064850105239205,0.3891006314352352,9.338415154445643,9252.105263157897,0,False,False,False,0.0
0x56718d5072a01c5bb38de657e4e872c87e69c9df,usdc,262,6.613744758417885,7.0175115237511525,0.3587786259541984,0.0002485605961646,0.0149136357698794,0.3579272584771062,241389.82978723405,0,False,False,False,0.0
0x567f6367897ff7ce696843a2199948e51cc2e62c,usdc,303,6.887793057439473,4.343558677128994,0.033003300330033,2.290689401300837e-05,0.0013744136407805,0.032985927378732,2619298.8,0,False,False,False,0.0
0x568a5ecf72e69353ef1f576fd18f287729356f94,usdc,9,3.4022889190517405,3.5423828321079,0.3333333333333333,0.0002175457933895,0.0130527476033705,0.3132659424808922,275804.0,0,False,False,False,0.0
0x5741a883baf845f954ee5a6897a11eb27ec374a6,usdc,109,8.51126243657581,5.685820645850399,3.5045871559633026,0.0024165713533811,0.1449942812028705,3.479862748868893,24828.56544502618,0,False,False,False,0.0
0x5745050e787f693ed21e4418d528f78ad9c374a6,usdc,44,9.829207608935286,3.7536370293823995,46.56818181818182,0.0321778213306447,1.9306692798386869,46.33606271612849,1864.6383601756957,0,False,False,False,0.0
0x595c31c6108babc43caa81ab759a4aae91801a82,usdc,61,6.476995830261922,5.3612921657094255,9.59016393442623,0.0066404378829602,0.3984262729776177,9.562230551462829,9035.548717948715,0,False,False,False,0.0
0x59ba3736055299b750cb221432b026493f81dcb8,usdc,308,2.5825228240452383,2.9853178815410972,0.0129870129870129,8.993691375184876e-06,0.000539621482511,0.0129509155802662,6671343.0,0,False,False,False,0.0
0x5a33b47507e5225fcd7df11de06c84680ea5db87,usdc,1188,4.936490931747217,4.637249633973968,0.0984848484848484,6.83415206864526e-05,0.0041004912411871,0.0984117897884917,877943.5897435897,0,False,False,False,0.0
0x5a9c3cc14da11bee87a305e567c5d0ca21db577a,usdc,207,5.087845524640678,4.1688536491566275,0.0338164251207729,2.3388311457466016e-05,0.0014032986874479,0.033679168498751,2565384.0,0,False,False,False,0.0
0x5b77aee0c42324c8dbc282ba436c49c11ba07806,usdc,16,0.38426902424833476,0.0295189956240288,0.8125,0.0005638152073972,0.0338289124438353,0.8118938986520479,106417.84615384616,0,False,False,False,0.0
0x5b8d37738730401010dcb7badd88d1ccf29ba066,usdc,51,9.16465229214619,3.9318256327243257,18.235294117647054,0.0126394759374278,0.758368556245668,18.200845349896028,4747.032258064516,0,False,False,False,0.0
0x5ca83f73a6ff9e3634a64862c1639b47ac842030,usdc,1015,4.37474445258143,5.061576052016794,0.0039408866995073,2.736177242994976e-06,0.0001641706345796,0.0039400952299127,21928404.0,0,False,False,False,0.0
0x5cac5c3cc4166e28bb8f5e1853903483e12f2fd3,usdc,480,7.838105435600626,8.233473592918326,1.8145833333333332,0.0012598433397101,0.0755906003826105,1.8141744091826524,47624.96900114811,0,False,False,False,0.0
0x5d28cea0167daf1a77d8df0af2377dcf357ac119,usdc,7,5.468617005747825,6.5644139037558205,0.8571428571428571,0.0005736247346985,0.0344174840819136,0.8260196179659267,104598.0,0,False,False,False,0.0
0x5d907bea404e6f821d467314a9ca07663cf64c9b,usdc,60,4.014260979463189,1.791759469228055,0.8333333333333334,0.0005738604279621,0.0344316256777291,0.8263590162655,104555.04,0,False,False,False,0.0
0x5dfbf96e481a964031ddd3dd3b4c2ae02a2d7a1d,usdc,54,5.0157365211609575,2.911056076997886,1.037037037037037,0.0007089415249838,0.0425364914990315,1.0208757959767567,84633.21428571429,0,False,False,False,0.0
0x5e97df83de9d8023d23d1a0fea5ef2957ac0147e,usdc,129,3.995923762786334,2.259462746358128,0.0930232558139534,6.453583675014735e-05,0.0038721502050088,0.0929316049202121,929716.0,0,False,False,False,0.0
0x5f80df789736a0ee9c180d47ac2a04b467dacf08,usdc,78,7.94298493927783,8.25771996809909,0.0512820512820512,3.5271004765112744e-05,0.0021162602859067,0.0507902468617623,1701114.0,0,False,False,False,0.0
0x5fe8be3c63cdbe2671121cde58295e6e79cd9552,usdc,1709,8.081094999275079,8.440528106480752,0.2036278525453481,0.0001413903323087,0.0084834199385233,0.203602078524561,424357.1609195402,0,False,False,False,0.0
0x60943cb06b76a24431659165c81a03c16f1c325c,usdc,23,4.226669389739609,2.3978952727983707,7.304347826086956,0.0049280157696504,0.2956809461790278,7.096342708296666,12175.285714285714,0,False,False,False,0.0
0x60b6757214d329f3ff19c803b5d2c215d2ebde3d,usdc,80,1.463024174635874,0.029656855686575417,6.6,0.0045584045584045,0.2735042735042735,6.564102564102564,13162.5,0,False,False,False,0.0
0x6111215935c04dc08a66d6ec9b86e83e3717c00f,usdc,53,6.91705824349088,7.410241593768069,10.962264150943396,0.0075120503113428,0.4507230186805685,10.817352448333644,7987.166953528399,0,False,False,False,0.0
0x61958af623918586e95d2b83a16b753c0f03b5ca,usdc,59,3.5701382676133173,3.411321459796628,0.1186440677966101,8.204137698247128e-05,0.0049224826189482,0.1181395828547586,731338.2857142857,0,False,False,False,0.0
0x61b7b515c1ec603cf21463bcac992b60fd610ca9,usdc,454,8.100313366956032,5.445126039685168,4.713656387665198,0.0032714979455298,0.1962898767317918,4.710957041563005,18340.222429906546,0,False,False,False,0.0
0x621b6978fdaffa917d9034677489b04bdd21babe,usdc,726,3.7146695429708285,0.7227059828014898,0.0606060606060606,4.203223566786739e-05,0.002521934140072,0.060526419361729,1427475.818181818,0,False,False,False,0.0
0x62f9137c0f29570f43b746c1e0f8ae3f12be39b8,usdc,49,6.352855012852305,4.9921931924651615,0.0816326530612244,5.590496156533892e-05,0.0033542976939203,0.080503144654088,1073250.0,0,False,False,False,0.0
0x63e7b4eb1997e4b6a72bc250599c8813cf2a93c2,usdc,53,3.814252709446572,3.5115454388310208,0.2641509433962264,0.0001813137997933,0.0108788279875981,0.2610918717023552,330918.0,0,False,False,False,0.0
0x64ebdbc8dea781ce6a3850510a0ef28f97db3cef,usdc,22,7.472462092077941,4.61512051684126,0.6363636363636364,0.0004416793912396,0.0265007634743762,0.6360183233850308,135845.14285714287,0,False,False,False,0.0
0x6733c60e6e02f9c8fa221db1aea018d80d949861,usdc,1437,6.242585073336681,5.017279836814924,0.0612386917188587,4.252457719214276e-05,0.0025514746315285,0.0612353911566855,1410948.7727272727,0,False,False,False,0.0
0x673571567cb51be4c5c927aabe2be4e484767fcc,usdc,43,6.6732979930521035,5.860786223465865,0.1162790697674418,7.99608511672685e-05,0.0047976510700361,0.1151436256808666,750367.2,0,False,False,False,0.0
0x6744a98ece3b291434acaffac276b743dcdfacb5,usdc,106,8.796182258669875,7.975438080529238,0.7358490566037735,0.0005094802517616,0.0305688151056975,0.7336515625367414,117767.07692307692,0,False,False,False,0.0
0x6745024462abf2c049f54b381c4ad4a8c8d999c4,usdc,18,7.418767661313936,2.147018060612888,42.5,0.0294627383015597,1.7677642980935877,42.4263431542461,2036.470588235294,0,False,False,False,0.0
0x678d94b6b8b6fa31d4869e5a1d36901e63f93eb9,usdc,921,5.555185312611011,4.862491842466874,0.01628664495114,1.1303079260205927e-05,0.0006781847556123,0.0162764341346965,5308288.0,0,False,False,False,0.0
0x67cc642f32d724724765dbc40472a3d520b9e02a,usdc,1819,8.170351354821497,5.298319046546625,0.3837273227047828,0.0002663340653619,0.0159800439217179,0.3835210541212316,225280.98280802293,0,False,False,False,0.0
0x67cea36eeb36ace126a3ca6e21405258130cf33c,usdc,142,5.790693554801912,4.433325435296273,35.443661971830984,0.024589987726992,1.475399263619521,35.40958232686851,2440.0174846016293,0,False,False,False,0.0
0x67e4423340b56c119749a570afa460f031ac29d6,usdc,346,4.217052463734231,1.8322612524861557,14.42485549132948,0.0100032709553594,0.6001962573215687,14.404710175717646,5998.038068523342,0,False,False,False,0.0
0x68962c33c62f884a49e9211010e01db32766cdc6,usdc,147,5.7595469507142,5.454209386505011,0.1428571428571428,9.859506724183588e-05,0.0059157040345101,0.1419768968282436,608549.7142857143,0,False,False,False,0.0
0x68b3465833fb72a70ecdf485e0e4c7bd8665fc45,usdc,14,8.348818742809451,10.518371709996153,49.785714285714285,0.0341854351408616,2.051126108451699,49.22702660284077,1755.1334289813487,0,False,False,False,0.0
0x6918f9577e043ec703477f4ee759b94c1292b7cc,usdc,180,2.9039227571286035,3.8608396839407226,0.1944444444444444,0.0001348987758128,0.0080939265487728,0.1942542371705482,444777.9428571428,0,False,False,False,0.0
0x6a8d93a406ce6f05c2ae107540d5d04b52b95221,usdc,95,4.040832654144317,4.804021044733257,0.0526315789473684,3.622416673549258e-05,0.0021734500041295,0.0521628000991093,1656352.8,0,False,False,False,0.0
0x6a9e7f087a7d1057dd36a84ae148dac2c07ea67e,usdc,1981,6.918327807657577,0.052664553781498626,0.6986370519939424,0.0004851445059931,0.0291086703595916,0.6986080886301992,123674.49132947976,0,False,False,False,0.0
0x6af326855e7a0278c32005200f3918364a5a8967,usdc,1239,2.7653752677214793,2.3767644911682972,0.003228410008071,2.240262977003327e-06,0.0001344157786201,0.0032259786868847,26782570.0,0,False,False,False,0.0
0x6b071d291038c4c953e7777a0d465a380d17b2f4,usdc,908,4.17634976776153,2.442341904921261,0.0484581497797356,3.364230734235712e-05,0.0020185384405414,0.0484449225729942,1783468.6363636365,0,False,False,False,0.0
0x6b2ea72ba8a7346cedd2dd5dc1476ea8df0b57d7,usdc,1696,9.339706125033558,7.487376565510717,0.1550707547169811,0.000107679605761,0.0064607763456647,0.1550586322959552,557208.577946768,0,False,False,False,0.0
0x6b6cae59a67eb2504519129ff9a3ba2f29413167,usdc,7,11.33061590850027,11.51293546591022,0.8571428571428571,0.0005763688760806,0.0345821325648415,0.829971181556196,104100.0,0,False,False,False,0.0
0x6c33840d064040f1758571b75ad26b4a19a40999,usdc,264,6.786079736905199,6.918020891811888,0.0151515151515151,1.0500319209703976e-05,0.0006300191525822,0.0151204596619737,5714112.0,0,False,False,False,0.0
0x6d3ace38280bcd5abf063bb3f941bd3af06df546,usdc,72,6.368032086754702,4.0799629575948035,41.06944444444444,0.0283591765960548,1.7015505957632906,40.83721429831897,2115.717281028069,0,False,False,False,0.0
0x6de8be6730563a88676f9c6205435f23ac755a69,usdc,352,7.9667011024709575,7.516002088628584,0.0198863636363636,1.3789299503585218e-05,0.0008273579702151,0.0198565912851627,4351200.0,0,False,False,False,0.0
0x6e4141d33021b52c91c28608403db4a0ffb50ec6,usdc,100,11.15979705707656,0.10453837779508988,16.54,0.0114367899544326,0.6862073972659573,16.468977534382972,5246.227327690447,0,False,False,False,0.0
0x6eb4eaab92e68088ef1add5151fe5243041c2d61,usdc,123,7.776508255488214,3.616308761279101,0.3821138211382114,0.0002633728990407,0.0158023739424457,0.3792569746186977,227813.87234042556,0,False,False,False,0.0
0x6ec88a2cb932eb46dfda0280c0eadb93b6eca13b,usdc,42,7.292271763210806,8.641021963787788,0.3333333333333333,0.0002309987064072,0.0138599223844346,0.3326381372264315,259741.7142857143,0,False,False,False,0.0
0x6ef2cb5a35ab5ee47cd044d3e285f9f67d8bb06a,usdc,1912,12.10043499955243,13.342027281923418,0.0183054393305439,1.2706532431953705e-05,0.0007623919459172,0.0182974067020133,4721980.628571428,0,False,False,False,0.0
0x6f915a64dd1736b53d068db1ec4162395367b2e8,usdc,208,2.5478760237912192,1.5312696468957379,0.0288461538461538,2.0025739750826397e-05,0.0012015443850495,0.02883706524119,2996144.0,0,False,False,False,0.0
0x6fc3dc715f1dc99f4f59bf5c3e53dca31e16f29d,usdc,46,7.533288173014289,7.580189417944541,31.91304347826087,0.0220769806871535,1.3246188412292126,31.790852189501106,2717.762942779292,0,False,False,False,0.0
0x7019865e35aff21dc6569c398a896e273facf6ae,usdc,422,6.499697690097796,1.3761068946522952,0.0355450236966824,2.4665957164112152e-05,0.0014799574298467,0.0355189783163214,2432502.4,0,False,False,False,0.0
0x7073a776ba03a6ba739d56304f628264f619fc77,usdc,154,5.730556671085849,4.771531723203316,0.5454545454545454,0.0003775789994156,0.022654739964939,0.5437137591585383,158907.14285714287,0,False,False,False,0.0
0x715d30a4abc2d7ffe17d93ff7f646c22ddb283d2,usdc,271,3.2768100745279303,1.6689745072696718,0.2140221402214022,0.0001482299301785,0.0088937958107154,0.2134510994571717,404776.5517241379,0,False,False,False,0.0
0x715ede68da5216110874a1c11016829854eaf202,usdc,318,6.647777589202077,6.398530493191022,0.4245283018867924,0.000294290246044,0.0176574147626451,0.4237779543034826,203880.35555555555,0,False,False,False,0.0
0x717f56e4b9d04a3a712b4180460775a398de0e82,usdc,69,5.922321529528242,5.993961427306569,0.1739130434782608,0.0001202559045649,0.0072153542738948,0.1731685025734763,498936.0,0,False,False,False,0.0
0x7244d575d2d62d22d5e5d3c47f6e92952fa8d9d8,usdc,580,4.706342288476754,3.697194141099998,0.0310344827586206,2.1515663761812996e-05,0.0012909398257087,0.0309825558170107,2788666.0,0,False,False,False,0.0
0x72ed24bdd9253595bdd01469a15a8852bee7e0da,usdc,54,3.915569153911359,0.4773174429856947,29.574074074074076,0.0202631545557205,1.2157892733432305,29.178942560237523,2961.039448966813,0,False,False,False,0.0
0x7321ac264b89254ea749a0657d41a9a2ebf8e3da,usdc,571,7.82969958601312,9.999500033330834e-05,5.614711033274956,0.0038948284550384,0.2336897073023052,5.608552975255326,15405.043044291951,0,False,False,False,0.0
0x7539e2df658434ae87df906ddda7cae611dd47f8,usdc,82,6.560077650105545,4.081101931024267,0.6585365853658537,0.0004527489406513,0.0271649364390792,0.6519584745379026,132523.77777777778,0,False,False,False,0.0
0x767465ffd6060bd9fbc4e83bcf7650b7f2f9940a,usdc,102,4.492852040580275,5.416435586024047,0.1470588235294117,0.000101812672827,0.0061087603696207,0.1466102488708974,589317.6,0,False,False,False,0.0
0x76be97fcf50b46e81854989ae6c03b396393a9b6,usdc,97,6.047864502349245,0.0005498488054354668,2.804123711340206,0.0019441152631631,0.1166469157897896,2.7995259789549523,30862.367647058825,0,False,False,False,0.0
0x76e68f9f667c9769884f8956d65b547a187cdf66,usdc,18,9.128260134617575,9.61971516150987,0.1666666666666666,0.0001121403099558,0.006728418597349,0.161482046336376,535044.0,0,False,False,False,0.0
0x7765a4f732204d0837f2ee4db75c2b3e4c69d5cc,usdc,39,7.62129263589685,9.947394062292355,0.7692307692307693,0.0005338439253899,0.0320306355233983,0.768735252561561,112392.4,0,False,False,False,0.0
0x77696bb39917c91a0c3908d577d5e322095425ca,usdc,119,2.871717378888302,3.0911334037676563,0.0252100840336134,1.739562047858831e-05,0.0010437372287152,0.0250496934891671,3449144.0,0,False,False,False,0.0
0x778af37f8e416aa9ce5799eb0550f835d4f6e621,usdc,517,6.409632887715146,6.811499845966727,0.1682785299806576,0.0001167463673092,0.0070047820385579,0.1681147689253913,513934.6206896552,0,False,False,False,0.0
0x77fb098a1c28a5b50bfadb69ca1bee515a7fc974,usdc,158,11.019524886591512,2.439443694315725,17.968354430379748,0.0124142937102077,0.7448576226124677,17.876582942699223,4833.138429024304,0,False,False,False,0.0
0x7820b83d7a133027e4949c5b6db4cd6a0491bf59,usdc,488,4.44710940416582,4.714271591783079,0.0081967213114754,5.689466635260811e-06,0.0003413679981156,0.0081928319547755,10545804.0,0,False,False,False,0.0
0x783c4b092fd879695bf1f1093fb34fa5bc5c150b,usdc,31,4.025224948009751,1.0986122886681098,0.2258064516129032,0.0001530623401045,0.0091837404062711,0.2204097697505083,391997.1428571429,0,False,False,False,0.0
0x79125534fcba73b1bd73bc9daf563da12929b7fa,usdc,102,6.218784855568727,5.993961427306569,0.4215686274509804,0.0002908164231473,0.0174489853888418,0.4187756493322043,206315.72093023252,0,False,False,False,0.0
0x7945e45c2f39be3a0cbf467f3fae982c17cb4bf7,usdc,60,9.253640939083942,9.61587214452889,2.466666666666667,0.0016937591840658,0.1016255510439507,2.4390132250548184,35424.16216216216,0,False,False,False,0.0
0x7949fcb587d93b7f9bebd22817e2f9a319f10500,usdc,402,7.786705013614926,5.417049760310262,0.0298507462686567,2.0725948213570076e-05,0.0012435568928142,0.0298453654275409,2894921.833333333,0,False,False,False,0.0
0x794a0d6815072dedfb80fc849f56e33edea30755,usdc,1424,9.303638855223557,9.90353755128617,0.0217696629213483,1.5117598457322226e-05,0.0009070559074393,0.021769341778544,3968884.35483871,0,False,False,False,0.0
0x7951c7ef839e26f63da87a42c9a87986507f1c07,usdc,1212,13.614656753045901,9.61587214452889,0.0767326732673267,5.324919731129344e-05,0.0031949518386776,0.0766788441282625,1126777.5483870967,0,False,False,False,0.0
0x79b6a7c23d23ef7c180e7fbe235c914dc5e6fa1f,usdc,74,3.21557846420607,1.2181307065662095,15.16216216216216,0.0104296611382645,0.6257796682958752,15.018712039101002,5752.823529411765,0,False,False,False,0.0
0x7a1a9b361cfeb62c599794f708554a80751360a7,usdc,178,9.458948563797948,0.004917887343950368,28.06741573033708,0.019445832691107,1.1667499614664243,28.00199907519419,3085.493995196157,0,False,False,False,0.0
0x7a2403e6cc90bc367094c6fb5ed89d02418b9c5b,usdc,34,4.204014120606,2.0074315787034,0.4117647058823529,0.0002837649939395,0.0170258996363754,0.4086215912730103,211442.57142857145,0,False,False,False,0.0
0x7a75f008c92d94761ff156ef54d99133f3054be4,usdc,313,5.260695527587599,4.158361150301307,0.242811501597444,0.0001682394844788,0.010094369068728,0.242264857649473,356634.4736842105,0,False,False,False,0.0
0x7b1044f7ae5d337b9c94d4533c20f041aee6a533,usdc,188,5.4867371413681925,4.9491535788301455,7.111702127659575,0.0049189495448959,0.2951369726937595,7.083287344650229,12197.726252804789,0,False,False,False,0.0
0x7b104cf5d40da07669c55ee1af98d5b1aee6a533,usdc,43,5.231897358300925,3.0942380692074503,1.255813953488372,0.0008566886761621,0.0514013205697297,1.2336316936735128,70037.11111111111,0,False,False,False,0.0
0x7b2989bb65c7cf2dc891ee924ddf1ef1758c5a6f,usdc,11,2.120263536200091,2.4849066497880004,0.2727272727272727,0.000174420632798,0.0104652379678833,0.2511657112292003,343996.0,0,False,False,False,0.0
0x7b39178c71fc70b1beb37b20b6a7d130438f7a11,usdc,257,5.0407163916049464,5.278165668133623,0.178988326848249,0.0001238290082911,0.0074297404974695,0.1783137719392699,484539.1304347826,0,False,False,False,0.0
0x7cb47e5d10f53c16b3d7753116f6f469a3a36cfc,usdc,185,1.7817722667030718,0.6906014429178526,0.4540540540540541,0.0003151229767416,0.0189073786045004,0.4537770865080097,190401.85714285716,0,False,False,False,0.0
0x7cd4e30fe26470d5d55b1d288e1f34f7903482c4,usdc,612,6.035561039745628,4.589548805085134,0.0800653594771241,5.557971571769407e-05,0.0033347829430616,0.0800347906334794,1079530.530612245,0,False,False,False,0.0
0x7cf772f60a51563898af5f9cdbc0bcc6c626baaa,usdc,107,7.8042205151715525,0.00746208923112966,5.364485981308412,0.0036917789100376,0.221506734602259,5.316161630454217,16252.327526132403,0,False,False,False,0.0
0x7d1d0e447bd8e3c30db74bba502a7c1621060e3e,usdc,280,5.2721016012264545,3.579900678218104,0.3678571428571429,0.0002545892807531,0.0152753568451889,0.3666085642845349,235673.70873786407,0,False,False,False,0.0
0x7d6885662f179fe54066ca7a88246d433faee6ee,usdc,368,7.800268382877043,4.627964588360748,0.0788043478260869,5.468829557326534e-05,0.0032812977343959,0.078751145625502,1097126.896551724,0,False,False,False,0.0
0x7eea5218bd4bce28755b67de7578660e91208ce6,usdc,37,4.523227488059009,0.08614833801193861,0.5405405405405406,0.0003686092373474,0.0221165542408492,0.5307973017803826,162774.0,0,False,False,False,0.0
0x7f72d8e4d53a9acc52e40c01d504c9ed7099b512,usdc,507,10.000018818629618,9.762798605625003,1.244575936883629,0.0008639742982023,0.0518384578921382,1.2441229894113173,69446.51030110935,0,False,False,False,0.0
0x7f754125f5dff99abcda6a3a80644ce81e24915d,usdc,21,3.709576109752229,4.106845087408627,0.1428571428571428,9.785501800532332e-05,0.0058713010803193,0.1409112259276655,613152.0,0,False,False,False,0.0
0x7fb898042b7b1f5a155ff7f0e212e099b679461d,usdc,121,1.8084017702591098,2.502272159397164,0.024793388429752,1.7164258521196143e-05,0.0010298555112717,0.0247165322705224,3495636.0,0,False,False,False,0.0
0x7ffb7f7ad540a8561defa6d19f6d0eeee4901bb7,usdc,53,7.540773619450646,0.40387985225380696,13.39622641509434,0.0092323376278873,0.5539402576732428,13.29456618415783,6498.895774647887,0,False,False,False,0.0
0x81139fcc9468fed05066dddcb55f289eaa18eb3d,usdc,57,7.338476646469181,0.0,2.631578947368421,0.0018238989122266,0.1094339347336013,2.626414433606432,32896.56,0,False,False,False,0.0
0x8151a6d6441006bf71508d951b1405ca73fe6189,usdc,386,7.263345681076741,5.649492850137638,0.044041450777202,3.0571558667540414e-05,0.0018342935200524,0.0440230444812582,1962608.4705882352,0,False,False,False,0.0
0x838d7b0b862570cea4d2f773ccdb5c7aecd1468f,usdc,59,4.657055023379575,5.121358624125034,0.1525423728813559,0.0001044253126957,0.0062655187617478,0.1503724502819483,574573.3333333334,0,False,False,False,0.0
0x84c2b16fa6877a8ff4f3271db7ea837233dfd6f0,usdc,1256,10.914759464061108,1.8261573532660043,1.1886942675159236,0.0008253952388239,0.0495237143294363,1.1885691439064712,72692.4474212994,0,False,False,False,0.0
0x860a7e24efd25581710f976237edae1b2456a31c,usdc,858,1.3660126301090871,0.2691771577622411,0.2191142191142191,0.0001520474155012,0.0091228449300759,0.2189482783218235,394613.7446808511,0,False,False,False,0.0
0x8628f9e336aaf584d9dbbb2ef6bb1a30be7ee6be,usdc,31,10.338178931366258,9.798032610475826,3.419354838709677,0.002334256759435,0.1400554055661013,3.361329733586432,25704.11320754717,0,False,False,False,0.0
0x8660f18c91cab5fa13c2cbd76f051561e9ce949d,usdc,171,7.026992218073701,0.0582424926807514,1.7543859649122806,0.0012179763566429,0.0730785813985778,1.7538859535658693,49262.04,0,False,False,False,0.0
0x871962bfe8707c24af7728e5e00ae2d7db9a5e70,usdc,648,3.9365108575443273,0.001597722960642713,0.015432098765432,1.0709662964764568e-05,0.0006425797778858,0.0154219146692609,5602417.2,0,False,False,False,0.0
0x87b30b6a047bf1ade368ee456d189e15bc2b0a56,usdc,445,4.584718030651381,1.0612565021243408,0.0314606741573033,2.183372062194913e-05,0.0013100232373169,0.0314405576956067,2748042.8571428573,0,False,False,False,0.0
0x87d050a4b83f3b970ad7b57504e5022b279ca338,usdc,232,7.019869847115531,4.61512051684126,0.2068965517241379,0.0001433156676867,0.0085989400612077,0.2063745614689856,418656.25,0,False,False,False,0.0
0x8874174a2366668d54fea6343f71709389563c8a,usdc,1406,9.294584827375427,6.440968947080459,0.0320056899004267,2.2219100027203583e-05,0.0013331460016322,0.0319955040391731,2700379.4,0,False,False,False,0.0
0x88c3da93b9ccf478ed47f15e087ba1e9872a7537,usdc,139,8.011524919719557,12.886859652138632,30.769784172661872,0.0212212146652138,1.2732728799128328,30.558549117907983,2827.359364040215,0,False,False,False,0.0
0x89060a90f8c6734d2995ad51cf76a6aa49251fc4,usdc,326,7.4529316984487,9.705158982483475,0.6073619631901841,0.0004208673693876,0.0252520421632582,0.6060490119181987,142562.72727272726,0,False,False,False,0.0
0x89151031e5f2f8032a0d4ae8bf09c6ba7d5c9c94,usdc,24,3.638696267013434,4.345995619022454,0.1666666666666666,0.0001130166982171,0.0067810018930296,0.1627440454327127,530895.0,0,False,False,False,0.0
0x8967bf01ee7c8ac5cd39fa092d7a4edfbb64e31a,usdc,98,4.441958337065327,2.514332433474231,0.0408163265306122,2.8318022722381437e-05,0.0016990813633428,0.0407779527202292,2118792.0,0,False,False,False,0.0
0x8978986c62efe4ff626eb1001ea4f1fecf2b84cc,usdc,350,2.8109029011332365,0.5481214085096876,0.0542857142857142,3.7688272758361045e-05,0.0022612963655016,0.0542711127720399,1592007.1578947369,0,False,False,False,0.0
0x899efd55ad3b930b2cf196e9b57122b3303b6dee,usdc,79,7.372657721614942,0.7418392446796295,0.1012658227848101,6.961000991942641e-05,0.0041766005951655,0.100238414283974,861945.0,0,False,False,False,0.0
0x8a0c17db41577f792625db42618819be88ccdfb9,usdc,365,5.748053770616487,2.4849066497880004,0.073972602739726,5.131005985033426e-05,0.00307860359102,0.0738864861844813,1169361.3333333333,0,False,False,False,0.0
0x8a5fbb521bc6aec4fb50de2a64c80d2cd7efd13c,usdc,27,5.761480606424915,5.704653391964267,0.4074074074074074,0.0002792246692456,0.0167534801547412,0.4020835237137896,214880.7272727273,0,False,False,False,0.0
0x8aaf720bbbcac82c592ac8f6c628bbac1590e079,usdc,39,7.232400465410033,0.0010034963290955344,28.53846153846154,0.0197132806937374,1.1827968416242467,28.387124198981923,3043.633423180593,0,False,False,False,0.0
0x8c864d0c8e476bf9eb9d620c10e1296fb0e2f940,usdc,118,8.331761135161413,2.677527898843563,17.127118644067796,0.0118816794027765,0.7129007641665952,17.109618339998285,5049.7911924789705,0,False,False,False,0.0
0x8ca5a807547afde55bb49990728488394f0f53d5,usdc,526,6.152561634569916,3.9433278552565585,1.1692015209125477,0.0008109919341247,0.0486595160474864,1.167828385139674,73983.47317073171,0,False,False,False,0.0
0x8d72c0888899aa583f72fea7d6d686cc78c8a168,usdc,89,3.519501287516348,3.4339872044851463,38.651685393258425,0.0265717499042181,1.5943049942530867,38.26331986207408,2258.0372093023257,0,False,False,False,0.0
0x8df6084e3b84a65ab9dd2325b5422e5debd8944a,usdc,424,8.82095047322871,2.397895363707457,2.4504716981132075,0.0016986893497191,0.1019213609831492,2.446112663595583,35321.34937439846,0,False,False,False,0.0
0x8dff636efb8f6889af1d0d588cd4a05994d478ee,usdc,1204,5.528802491935856,3.433862648341255,0.0265780730897009,1.8442455662535567e-05,0.0011065473397521,0.0265571361540512,3253362.84375,0,False,False,False,0.0
0x8ec399e0f6c83e11ff56ebc832b586993ae279da,usdc,68,6.036825164718837,1.7404661748405046,0.2205882352941176,0.0001515292330196,0.009091753981178,0.2182020955482732,395963.2,0,False,False,False,0.0
0x8f1d75db9f2f2c76deacac77967dcc156c0c1585,usdc,1574,7.594245454731417,4.51085950651685,0.0857687420584498,5.953190854073202e-05,0.0035719145124439,0.0857259482986541,1007862.8666666668,0,False,False,False,0.0
0x905b812223a6073c7e8c96b1f82ff9b788fe16f5,usdc,261,6.289294586822163,5.419232979445856,0.0459770114942528,3.183804200286755e-05,0.001910282520172,0.0458467804841292,1884538.0,0,False,False,False,0.0
0x9060c1a7c23360fb61f3914cf6d9a338388f852a,usdc,146,3.95908197670944,4.630375554901346,0.1232876712328767,8.512175721572407e-05,0.0051073054329434,0.1225753303906426,704872.6666666666,0,False,False,False,0.0
0x91807a20dea053aa5bee11a2b4874b846d930ba8,usdc,238,4.246077870177996,2.514332433474231,0.0504201680672268,3.496943671231344e-05,0.0020981662027388,0.0503559888657313,1715784.0,0,False,False,False,0.0
0x918821c9cf808295fc59616b9fb2e34d5c514154,usdc,511,3.395481380110738,2.69129053928687,0.0176125244618395,1.2216542284167632e-05,0.00073299253705,0.0175918208892013,4911373.333333333,0,False,False,False,0.0
0x92561d51c73d545a24d0525d0c616d83562ffcc2,usdc,138,5.004025581795613,3.9875751842132514,1.3478260869565215,0.0009320701277537,0.0559242076652244,1.342180983965387,64372.83870967742,0,False,False,False,0.0
0x928dbdfc65e910d76f616bc0a48629c4ad75282c,usdc,14,6.111821120595477,3.444230274344901,0.2857142857142857,0.0001868669880778,0.0112120192846731,0.2690884628321561,321084.0,0,False,False,False,0.0
0x9308d7061a5c35a199b65e5211801df6d2e799bc,usdc,1088,4.065419019614528,0.6347603654852182,0.0330882352941176,2.296726615909859e-05,0.0013780359695459,0.0330728632691019,2612413.6666666665,0,False,False,False,0.0
0x9374a397a13c619820fcaea9087e0751cc0a83af,usdc,278,7.616047908016166,8.080066082344846,0.0215827338129496,1.4955447721238432e-05,0.0008973268632743,0.0215358447185833,4011916.0,0,False,False,False,0.0
0x9412139814132606f7b6df9ac4c643e13fc34039,usdc,605,6.89030311184139,7.5842975123131735,0.3884297520661157,0.0002695931712852,0.0161755902771165,0.3882141666507969,222557.5659574468,0,False,False,False,0.0
0x9416328383114936caa5a208a3956ff615518f24,usdc,345,6.590856962089188,0.0,0.2985507246376812,0.0002068279737444,0.0124096784246696,0.2978322821920713,290096.1553398058,0,False,False,False,0.0
0x957e96d9e58254348acddbe4bba33e863a6a6945,usdc,2049,8.87148446022348,10.573837509972185,0.0414836505612493,2.8801554768917952e-05,0.001728093286135,0.0414742388672418,2083220.8705882356,0,False,False,False,0.0
0x95ad61b0a150d79219dcf64e1e6cc01f0b64c4ce,usdc,312,4.011234000483636,5.447661978568336,0.0192307692307692,1.3315987040881412e-05,0.0007989592224528,0.0191750213388692,4505862.0,0,False,False,False,0.0
0x95d0acb18fd2971898fedf3013fc019a2420e94c,usdc,38,4.952583990953422,4.876722876509988,0.8947368421052632,0.0006098260919474,0.0365895655168455,0.8781495724042933,98388.70588235294,0,False,False,False,0.0
0x96746b25df3447e06d21a222d790f66b123f8939,usdc,162,2.9624250513280472,2.5700063952181993,1.4135802469135803,0.0009798560424598,0.0587913625475914,1.4109927011421954,61233.4847161572,0,False,False,False,0.0
0x96c195f6643a3d797cb90cb6ba0ae2776d51b5f3,usdc,274,7.041070124826324,0.07208156323045196,9.31021897810219,0.0064458550700907,0.3867513042054466,9.28203130093072,9308.307330458643,0,False,False,False,0.0
0x98ca924d9a32837cb5c123a9b9e88fb593f3e427,usdc,90,10.056646149275595,7.431636443087766,26.18888888888889,0.0180866378344531,1.0851982700671898,26.04475848161256,3317.3661434026303,0,False,False,False,0.0
0x990cafad237032eb8ec695d8c9c51e6f7ad8d086,usdc,87,22.201911142785377,6.2166061010848646,4.540229885057471,0.0031387269641279,0.1883236178476756,4.519766828344214,19116.03037974684,0,False,False,False,0.0
0x9b2ba4eeec3c4bbddd02a277a4ac17a025b0e410,usdc,18,7.330409340276248,6.95755731199196,1.1111111111111112,0.0007567330321535,0.0454039819292151,1.0896955663011645,79288.2,0,False,False,False,0.0
0x9bf81cc31d0f1fa7ade83058509a4db154a182a2,usdc,67,8.516424337380922,7.438971592395862,36.1044776119403,0.024901280166681,1.4940768100008648,35.85784344002076,2409.514675485738,0,False,False,False,0.0
0x9c8ea6fda73d67218498c26cda7156c6964e3f40,usdc,88,6.969457696053642,6.551648031016406,3.113636363636364,0.00214508275009,0.1287049650054018,3.0889191601296444,27970.94890510949,0,False,False,False,0.0
0x9cdf242ef7975d8c68d5c1f5b6905801699b1940,usdc,389,4.3819552089088365,2.2621997739505084,0.0179948586118251,1.2495510541569708e-05,0.0007497306324941,0.0179935351798603,4801724.571428572,0,False,False,False,0.0
0x9ce020b7ab53f1a04d6ca79a8eb218d4666802f3,usdc,103,1.1632194532829967,0.02766574941125085,0.029126213592233,2.009815941056118e-05,0.0012058895646336,0.0289413495512081,2985348.0,0,False,False,False,0.0
0x9e3b1f26a097d333d7738a1b359e5ffaf2b0153f,usdc,730,9.440256146551112,9.516602142044494,0.0150684931506849,1.0464219409186368e-05,0.0006278531645511,0.0150684759492283,5733824.727272728,0,False,False,False,0.0
0x9ee5839d84b382df15c273c95e4cd94a5f4a715e,usdc,20,4.729404096162544,0.7101748828792197,0.25,0.0001730546922049,0.0103832815322954,0.2491987567750911,346711.2,0,False,False,False,0.0
0xa0b6dbac3814674277a458ada1913a9ce2c4ea7e,usdc,379,4.2395824403234,4.438643235092778,0.503957783641161,0.0003495539801021,0.0209732388061285,0.5033577313470858,171647.30890052355,0,False,False,False,0.0
0xa1a20abdc873cf291c22ce3c8968ec06277324d0,usdc,277,8.365450212292009,8.00828288292901,8.48014440433213,0.0058697852243337,0.3521871134600247,8.452490723040594,10221.83908045977,0,False,False,False,0.0
0xa28310e03e9c74e3bc9490d4e28a5e9b6fc21278,usdc,184,5.982816146153941,6.90875477931522,0.0489130434782608,3.385416078920819e-05,0.0020312496473524,0.0487499915364598,1772308.0,0,False,False,False,0.0
0xa2a27c7fa5fcc886d62aaa11c2d9dcb33b25725f,usdc,237,5.4465953851109505,3.413146999736765,0.2489451476793249,0.0001722538215532,0.0103352292931929,0.2480455030366304,348323.186440678,0,False,False,False,0.0
0xa356867fdcea8e71aeaf87805808803806231fdc,usdc,613,11.308984704348552,7.056759371246918,7.551386623164763,0.0052375700209593,0.3142542012575599,7.542100830181438,11455.694102397923,0,False,False,False,0.0
0xa3e58f912dea13c0b248bbf3bb3fbcaf00dc55fe,usdc,154,4.447940645914498,3.2916825822376112,0.0519480519480519,3.59765936281855e-05,0.0021585956176911,0.0518062948245871,1667751.0,0,False,False,False,0.0
0xa426a6ea991ecd318b4c7ac3e9b31a5616daf0e9,usdc,675,7.104992759663174,5.5254529391317835,0.2977777777777777,0.0002066582193834,0.0123994931630058,0.29758783591214,290334.447761194,0,False,False,False,0.0
0xa48241317345f6c721fbe37842cbb3bdd65dddb3,usdc,1350,8.854446002487595,8.201315535315409,0.3496296296296296,0.0002427725676496,0.0145663540589811,0.349592497415548,247144.89194915252,0,False,False,False,0.0
0xa48c9264f0cde6beb90c45f728fbce1de70a2503,usdc,813,4.2312984182677145,3.2188758248682006,0.014760147601476,1.0242408796044107e-05,0.0006145445277626,0.0147490686663035,5857997.0,0,False,False,False,0.0
0xa4da11098cf36c5bad670608d5eae01787ab79d8,usdc,31,8.792060308622602,8.412054873292933,0.3870967741935484,0.0002665576741954,0.0159934604517264,0.3838430508414337,225092.0,0,False,False,False,0.0
0xa5025faba6e70b84f74e9b1113e5f7f4e7f4859f,usdc,59,7.548795906918102,5.707110264748875,5.423728813559322,0.0037106267712444,0.2226376062746698,5.343302550592077,16169.775,0,False,False,False,0.0
0xa512ecc399f5c8bb5211c1bcad4ac12095d8d544,usdc,138,6.238417509072007,0.0,0.782608695652174,0.0005407061622478,0.0324423697348737,0.7786168736369699,110966.0,0,False,False,False,0.0
0xa5910940b97b7b8771a01b202583fd9331cb8be3,usdc,2061,5.478613931810501,0.14214084966053692,0.863658418243571,0.0005996883103161,0.0359812986189717,0.8635511668553214,100051.97528089889,0,False,False,False,0.0
0xa5a94da27e2533ced5c68d6dfabdb5fb4269dd97,usdc,1265,8.56439768702664,5.048209395918621,0.8703557312252964,0.0006041838496882,0.0362510309812966,0.8700247435511194,99307.52043596732,0,False,False,False,0.0
0xa62b65c3bbe71fc18cd4c44e33aa3781e34428b6,usdc,443,7.781446741807783,8.050894279702153,0.0203160270880361,1.4086740565881583e-05,0.0008452044339528,0.0202849064148694,4259324.555555556,0,False,False,False,0.0
0xa7062bba94c91d565ae33b893ab5dfaf1fc57c4d,usdc,251,9.459986701268166,9.259225769705994,39.50996015936255,0.0274332219443645,1.6459933166618717,39.50383959988492,2187.129172128668,0,False,False,False,0.0
0xa7c750d069f288b76f68c2310243fde71245fc07,usdc,238,5.957722269048955,5.32150605857268,0.6134453781512605,0.0004246286971053,0.0254777218263222,0.611465323831733,141299.91780821918,0,False,False,False,0.0
0xa7ca2c8673bcfa5a26d8ceec2887f2cc2b0db22a,usdc,44,7.778219067916968,2.725605009828439,17.227272727272727,0.0118787924376911,0.7127275462614714,17.10546111027531,5051.018469656992,0,False,False,False,0.0
0xa7ce81778c49a5699db86349d5babc86d95dc013,usdc,8,9.179238372395064,9.011517658054949,0.75,0.0004662584315066,0.0279755058903981,0.6714121413695564,128684.0,0,False,False,False,0.0
0xa88800cd213da5ae406ce248380802bd53b47647,usdc,456,10.963549521602124,1.6315731112864498,1.4429824561403508,0.0010018285655124,0.0601097139307459,1.4426331343379024,59890.48632218845,0,False,False,False,0.0
0xa969dda12e648110efad9f6a2097cbdb48b5024e,usdc,215,27.161017487109053,2.4378729546233178,0.0744186046511627,5.147465227263807e-05,0.0030884791363582,0.0741234992725988,1165622.25,0,False,False,False,0.0
0xaa88580e65fb09ff45985a174660428879ee4792,usdc,682,9.35719336711258,11.703893450100537,0.0351906158357771,2.440411795764309e-05,0.0014642470774585,0.035141929859006,2458601.458333333,0,False,False,False,0.0
0xaac76b2e88f6fc69d3b0e11d4302e9d6f0d33248,usdc,335,5.356743495016649,5.760635286248984,0.008955223880597,6.201306822057635e-06,0.0003720784093234,0.0089298818237629,9675380.0,0,False,False,False,0.0
0xab5307f89362fc71c88f0ceaf05f4ca706be99be,usdc,1439,7.886405741910997,0.2144175906139071,0.0708825573314801,4.9195602858431726e-05,0.0029517361715059,0.0708416681161416,1219621.196078431,0,False,False,False,0.0
0xabdf03d7b8548050235685bcbb4c8225dff3aba9,usdc,125,7.75462353204441,7.0033770775010336,12.168,0.0083912241367135,0.5034734482028106,12.083362756867452,7150.32741617357,0,False,False,False,0.0
0xac4490b71eff5dbbc0852b78c0abb4cf702462d0,usdc,430,2.173326775622899,1.6579794742759628,0.0744186046511627,5.166098126805107e-05,0.003099658876083,0.0743918130259935,1161418.125,0,False,False,False,0.0
0xad16edcf7deb7e90096a259c81269d811544b6b6,usdc,655,6.7717108752454305,1.5441097462756126,0.7801526717557252,0.0005412706705019,0.0324762402301173,0.7794297655228166,110850.2700587084,0,False,False,False,0.0
0xadacdd97b78c62d3bc261d9aa996f6349ebdbecb,usdc,103,7.170940664768779,4.612182919194469,24.320388349514563,0.0168272137358429,1.0096328241505783,24.231187779613883,3565.6526946107783,0,False,False,False,0.0
0xadf6cbaed381c880c1603bd4d6d259162d4b6c6f,usdc,332,2.521183289818124,2.4404885268028647,0.0120481927710843,8.362787768753866e-06,0.0005017672661252,0.0120424143870055,7174641.0,0,False,False,False,0.0
0xae7ab96520de3a18e5e111b5eaab095312d7fe84,usdc,222,8.279741378650778,4.618655775296086,0.0135135135135135,9.345509077916e-06,0.0005607305446749,0.013457533072199,6420196.0,0,False,False,False,0.0
0xae8fe1223c6bd70853d0d8e280d6dacf2daf699a,usdc,20,5.719137699944144,5.4680601411351315,0.8,0.0005341131385155,0.0320467883109339,0.7691229194624151,112335.75,0,False,False,False,0.0
0xaf74d6bd61071d7855732060cb1ae67fd8515d7f,usdc,97,5.71847734205527,0.27992531645316326,0.0309278350515463,2.14354613983066e-05,0.0012861276838983,0.0308670644135615,2799100.0,0,False,False,False,0.0
0xaffcac8b249e7c3b31466760b7a3cf79936281d2,usdc,73,4.119809778716222,4.804799978990102,0.0547945205479452,3.770923914068186e-05,0.0022625543484409,0.0543013043625818,1591122.0,0,False,False,False,0.0
0xb048ed71007ade3b3172bc6d95781833ffa3aac5,usdc,43,5.426356841941382,5.3003153692107094,3.441860465116279,0.0023377993725851,0.1402679623551117,3.3664310965226814,25665.162162162163,0,False,False,False,0.0
0xb0a53306c85efb7c5c51b5c8de08b366d03fc3ab,usdc,53,5.664010047698749,2.772588722239781,0.2641509433962264,0.0001808967828799,0.0108538069727957,0.260491367347097,331680.8571428572,0,False,False,False,0.0
0xb1000058c87d843fc0154591ff9d72af5e7213d5,usdc,232,7.220122324579554,0.7370310427754589,0.4568965517241379,0.0003159940068457,0.0189596404107445,0.4550313698578683,189877.0188679245,0,False,False,False,0.0
0xb14df49eceaa453fff9eec92f07536c66f0e6434,usdc,70,0.6030265320014605,0.07823707850589597,29.82857142857143,0.020609968196687,1.2365980918012205,29.67835420322929,2911.212643678161,0,False,False,False,0.0
0xb1e4e25b1938c78ec0b21ccb2d6a0be60aa7e63f,usdc,41,2.40727411548461,2.0257683122290335,46.73170731707317,0.0322888333889456,1.937330003336737,46.495920080081696,1858.2275574112732,0,False,False,False,0.0
0xb22e8dd046dfe1ffe42cf02c19525641db939d89,usdc,243,10.285368227065845,8.556507890729604,0.6748971193415638,0.0004678151719306,0.0280689103158379,0.6736538475801119,128255.78048780488,0,False,False,False,0.0
0xb2e51e4e01537e32ef74a9fdd444e457137047ee,usdc,692,16.610862465082015,7.601402334583733,0.3092485549132948,0.0002145394558861,0.01287236735317,0.3089368164760821,279668.83644859813,0,False,False,False,0.0
0xb38a90f14b24ae81ec0b8f1373694f5b59811d8a,usdc,772,31.304230974394585,10.807390798031792,3.9158031088082894,0.0027158776875779,0.1629526612546762,3.910863870112229,22092.305656632485,0,False,False,False,0.0
0xb3c3713cf47dac5924e6548018146fbe2461069b,usdc,70,5.965334932779232,8.517433162620845,25.928571428571427,0.0178611143367179,1.0716668602030754,25.72000464487381,3359.252892561984,0,False,False,False,0.0
0xb3fc02ca08761dfc644d7c648932f75e9918b95a,usdc,11,8.280640496693204,9.210440366976517,8.272727272727273,0.0056809668880787,0.3408580132847225,8.180592318833341,10561.582417582418,0,False,False,False,0.0
0xb40eed68d7d6b3b6d6f4e93de6239b7c53efc786,usdc,48,6.2424679204640325,3.4339872044851463,23.375,0.0160371398432877,0.962228390597262,23.093481374334285,3741.315508021391,0,False,False,False,0.0
0xb84df69bc52948e820f11b78ee79db8c487fb6a4,usdc,888,9.355588948457253,0.0,0.1689189189189189,0.0001172924584233,0.0070375475054005,0.1689011401296128,511541.84,0,False,False,False,0.0
0xb8e71cf0c937a3a978365ee746b2dd34114dcf22,usdc,41,7.681081437007392,5.525529386408819,0.3902439024390244,0.0002654887814396,0.0159293268863807,0.3823038452731382,225998.25,0,False,False,False,0.0
0xb8f24d19072797b1ad841cb5f0c18a70ca234718,usdc,96,4.411248196601611,4.345995619022454,0.125,8.632422804559071e-05,0.0051794536827354,0.1243068883856506,695054.0,0,False,False,False,0.0
0xb987562c2330fe2c6e4f999776f2b76286e2ec97,usdc,279,4.41701559407409,5.456594056960407,0.010752688172043,7.440848971104207e-06,0.0004464509382662,0.01071482251839,8063596.0,0,False,False,False,0.0
0xb9d260d95f648f2037a68bf28b73afe19f8a18be,usdc,9,1.6071688829898443,1.6789639750827108,0.7777777777777778,0.0004879136810996,0.029274820865977,0.7025957007834499,122972.57142857143,0,False,False,False,0.0
0xbadc0de76438f9524d42c219b390636196bfbdfc,usdc,117,7.457477387098777,2.0137253940789974,1.9230769230769231,0.001333769624197,0.0800261774518242,1.9206282588437815,44985.28,0,False,False,False,0.0
0xbb12237fed66a7466d9f2d05376c11f87ec794e1,usdc,118,7.678447618873426,5.630241422285907,9.279661016949152,0.0064096635482726,0.3845798128963601,9.229915509512644,9360.865753424658,0,False,False,False,0.0
0xbbb4098f42ace60717cd5ebe65e1ae052cee6208,usdc,240,7.055327728228355,6.446986656291285,0.0291666666666666,2.0233272286660376e-05,0.0012139963371996,0.0291359120927909,2965412.571428572,0,False,False,False,0.0
0xbbc4333ae20e1a3460b770a8a229cfe572909f3a,usdc,1085,5.765393830554826,1.5249687558076506,0.0129032258064516,8.959763748949468e-06,0.0005375858249369,0.0129020597984872,6696605.142857143,0,False,False,False,0.0
0xbbe1b55415b23124704c1c823769da32b869fa7a,usdc,46,3.4235578590518427,0.0,0.108695652173913,7.411601825032832e-05,0.0044469610950197,0.1067270662804728,809541.6,0,False,False,False,0.0
0xbbfd9988ea52ee8c88f7ba28d1db827e73955ae8,usdc,645,4.424324959190213,4.390954574251277,0.0201550387596899,1.3989590023227024e-05,0.0008393754013936,0.0201450096334469,4288903.384615385,0,False,False,False,0.0
0xbc55d1fd4fcc721230950a94d49e14f669b10c5e,usdc,27,3.5447235348459016,2.8814959844992836,0.2592592592592592,0.0001785003927008,0.0107100235620518,0.2570405654892441,336133.71428571426,0,False,False,False,0.0
0xbc7310f7949ff9f18e2b95e84811206e4390f9bb,usdc,289,6.51749157545303,0.0,0.0553633217993079,3.834668277227344e-05,0.0023008009663364,0.0552192231920737,1564672.5,0,False,False,False,0.0
0xbd45a9e38f1132d3d681d24a8fdc64a050fcb6b1,usdc,389,6.576997697289957,0.0,0.3393316195372751,0.0002353644332959,0.0141218659977561,0.3389247839461486,254923.81818181815,0,False,False,False,0.0
0xbd5f0898854cb50874988304f198e44c945ce031,usdc,415,6.033280805384173,7.347832908433808,0.0192771084337349,1.335892904137661e-05,0.0008015357424825,0.0192368578195823,4491378.0,0,False,False,False,0.0
0xbd60d0bbfaad226c8e56abc47b1480f604b656a2,usdc,740,5.60585048781841,4.02535169073515,0.3,0.0002081486639012,0.0124889198340736,0.2997340760177672,288255.5135135135,0,False,False,False,0.0
0xbd73a25b5dfe8ab39856b797086ed6a276263e0e,usdc,19,2.932529353437496,0.00023697191993656238,0.2105263157894736,0.0001452411729677,0.0087144703780627,0.2091472890735065,413106.0,0,False,False,False,0.0
0xbd8da0b5a6fbc82f3e43f920ff7aa55485f505fc,usdc,25,6.915783253703142,8.005033344637111,5.84,0.0039277509052658,0.2356650543159525,5.6559613035828615,15275.917808219176,0,False,False,False,0.0
0xbdfca3042665459773284cbcc7a5e1fdc1b23be2,usdc,571,5.796434835954807,4.531847565365109,0.0665499124343257,4.620922613408993e-05,0.0027725535680453,0.0665412856330895,1298442.0,0,False,False,False,0.0
0xbe22c9ed04083df741289509624dca6b13764015,usdc,309,5.675702839241153,5.886640276533946,0.1844660194174757,0.0001278104279855,0.007668625679133,0.184047016299193,469445.2631578947,0,False,False,False,0.0
0xbe63fbadb5537302c3608e9007f179b52b7913ec,usdc,121,3.54484488797677,3.8303783653457573,0.0909090909090909,6.268413464552121e-05,0.0037610480787312,0.0902651538895505,957180.0,0,False,False,False,0.0
0xbeb0b0623f66be8ce162ebdfa2ec543a522f4ea6,usdc,85,10.29613304630491,0.7159159926126467,22.41176470588235,0.0155270896772973,0.9316253806378416,22.359009135308195,3864.214173228346,0,False,False,False,0.0
0xbef1f0ae33617077f44a53380c9681db4df84674,usdc,73,4.264736544687315,5.017279836814924,0.0821917808219178,5.650504966793866e-05,0.0033903029800763,0.0813672715218316,1061852.0,0,False,False,False,0.0
0xc0b51c7042be877bedeee2103f3f6667e32bee97,usdc,1164,7.548141676955184,0.9809332476041012,4.337628865979381,0.0030110796279977,0.1806647776798668,4.335954664316804,19926.40760546643,0,False,False,False,0.0
0xc2921134073151490193ac7369313c8e0b08e1e7,usdc,101,11.193805419494488,11.849849763931577,49.76237623762376,0.0343994469806374,2.0639668188382485,49.53520365211797,1744.2140867489056,0,False,False,False,0.0
0xc29a09f6347063f36c720315da04fe6c9a61ed49,usdc,74,0.7440487875337095,0.5241324933528947,0.1891891891891892,0.000131175803686,0.0078705482211624,0.1888931573078977,457401.4285714286,0,False,False,False,0.0
0xc3889d4e5609724a3670788ed690fdda2340d40f,usdc,106,5.361932470395636,3.914819092730147,0.1320754716981132,9.09452327808194e-05,0.0054567139668491,0.1309611352043799,659737.7142857143,0,False,False,False,0.0
0xc3aacb558afb635307b66fdb405188138576fc4c,usdc,78,10.369452843547329,14.924154357819052,40.2948717948718,0.027758936204789,1.6655361722873434,39.972868134896245,2161.4661151765827,0,False,False,False,0.0
0xc3e81499719bbd477030aec94f29002a7d9fbb84,usdc,69,4.863203934417456,5.25227342804663,16.057971014492754,0.011137738033968,0.6682642820380854,16.03834276891405,5387.090252707581,0,False,False,False,0.0
0xc4473cb19addecac5f72768cad37df307fd2d6d5,usdc,8,6.4668539528466145,6.399520153642552,1.0,0.0006519223560473,0.0391153413628436,0.9387681927082484,92035.5,0,False,False,False,0.0
0xc51fd92ec42c41b139414da9e5c37ba745711d7f,usdc,411,2.7458138489777553,2.9637524775706594,0.0072992700729927,5.057116762420363e-06,0.0003034270057452,0.0072822481378853,11864468.0,0,False,False,False,0.0
0xc536db0d37fee7f6b22c5c44a44e44fe182a623b,usdc,317,2.883793885335944,2.3528583473175737,0.0220820189274447,1.5331652108167872e-05,0.00091989912649,0.0220775790357617,3913472.5714285714,0,False,False,False,0.0
0xc55dd59a0c9dbcdb335d602b909eeccd42405cb5,usdc,81,5.937449830310017,3.798225912835577,0.3950617283950617,0.0002721792027871,0.0163307521672269,0.3919380520134456,220443.0,0,False,False,False,0.0
0xc58601ddb27f10c7929610fbfa83abe565026555,usdc,705,3.5564611611715757,0.2587160794641045,2.927659574468085,0.0020306578170389,0.1218394690223346,2.9241472565360325,29547.075581395347,0,False,False,False,0.0
0xc6969e04a3daa4c81a02d753d7b5dc97d7e34745,usdc,46,2.362311327671168,3.044522437723423,0.2826086956521739,0.0001926559549955,0.0115593572997341,0.2774245751936192,311436.0,0,False,False,False,0.0
0xc6d0a44059f576d3343b42828335e4428b06423b,usdc,205,3.374842933988458,1.9460331414914336,0.0195121951219512,1.3491225644121704e-05,0.0008094735386473,0.0194273649275352,4447335.0,0,False,False,False,0.0
0xc707bbf485d1a7261d499de6b6a0fd60fdb9ed04,usdc,431,10.383667253769215,0.009639391427405978,2.7006960556844546,0.0018748719481787,0.1124923168907278,2.699815605377468,32002.18556701031,0,False,False,False,0.0
0xc786846e1b65b77de9a87d48f440ba0f9007fac8,usdc,101,3.9191361027743046,2.9039579900937094,3.5742574257425743,0.0024625098227538,0.1477505893652318,3.5460141447655635,24365.38504155125,0,False,False,False,0.0
0xc7d3ac06a00511c1bab6cdddd2a187926c02239e,usdc,92,2.0135570484614433,1.025862368303446,0.0434782608695652,3.0005746100378224e-05,0.0018003447660226,0.0432082743845446,1999617.0,0,False,False,False,0.0
0xc80336fb51d0372381362339200a70e2dc58c3f3,usdc,360,11.30929073304296,6.706622997449969,4.980555555555555,0.0034534776307872,0.2072086578472334,4.973007788333602,17373.791411042945,0,False,False,False,0.0
0xc820d1eb1189ecd50e9be5ae8f813d017fc9c5dd,usdc,863,6.625473082850384,4.4805692662903,0.0440324449594438,3.055333865175835e-05,0.0018332003191055,0.043996807658532,1963778.8421052631,0,False,False,False,0.0
0xc9078525659c3cabe2e5099c75d777ec6c258e64,usdc,318,7.205739322923624,5.1164721582821056,0.7924528301886793,0.0005497099189483,0.0329825951368995,0.79158228328559,109148.47619047618,0,False,False,False,0.0
0xca1430680c6c30c75abe9d42217fe307ed7513ae,usdc,1518,7.429563880435997,0.09791949983865073,0.0072463768115942,5.031289935149189e-06,0.0003018773961089,0.0072450575066148,11925371.181818182,0,False,False,False,0.0
0xca5f4b2f8a93621103d103e05cd4cd9ca3b8e86e,usdc,158,6.97329325050274,4.616009626416667,0.0379746835443038,2.6210487689807613e-05,0.0015726292613884,0.0377431022733229,2289160.0,0,False,False,False,0.0
0xcb24c3c326af1d6880dad92ae435bf71aa0a781c,usdc,13,6.026297692772894,0.0007996801705643322,1.0,0.0006678379516896,0.0400702771013778,0.9616866504330672,89842.15384615384,0,False,False,False,0.0
0xcbeb864ba1edf050fabd81830507a6fe3fcea136,usdc,11,4.836281906951478,4.962844630259907,0.3636363636363636,0.0002434274586173,0.0146056475170399,0.3505355404089581,246480.0,0,False,False,False,0.0
0xcc1248a0f9a936eb7d6c65254ee03b44af8cc99a,usdc,332,3.2127248060798936,3.5624604512312,0.0120481927710843,8.362787768753866e-06,0.0005017672661252,0.0120424143870055,7174641.0,0,False,False,False,0.0
0xcd32370f47e032e0d16d62f5416b9bce33be2bd5,usdc,10,5.427079132383179,5.502598092094235,9.6,0.0065074157425232,0.390444944551395,9.37067866923348,9220.25,0,False,False,False,0.0
0xce1cc26f65f1a2eab99f9bdd70aa12dbecb82d25,usdc,62,7.384001492435007,4.912654885736052,1.1451612903225807,0.0007835347348672,0.0470120840920377,1.1282900182089055,76576.05633802817,0,False,False,False,0.0
0xcf83c3efb0f7d0e42d0fca4c0a6e03667255894a,usdc,705,4.318865012176163,0.0006168097337588246,0.0567375886524822,3.937669061360106e-05,0.002362601436816,0.0567024344835855,1523744.1,0,False,False,False,0.0
0xd013d26f7a201ac796ee168bad29ca91dc073859,usdc,241,6.97535869415492,0.9812920209181395,0.0248962655601659,1.7288664802180216e-05,0.0010373198881308,0.0248956773151395,3470482.0,0,False,False,False,0.0
0xd05c259ed797b344a0ceac33df445d0a9eb5b77c,usdc,217,5.435711126233685,4.636959508477498,1.2119815668202765,0.000839053573092,0.0503432143855256,1.2082371452526155,71509.14068441065,0,False,False,False,0.0
0xd0c4f36b5db8353939292c7a2e0814894ca4a1ad,usdc,114,6.738807247161581,6.777503969569572,0.5263157894736842,0.0003627345834779,0.0217640750086754,0.5223378002082096,165410.2,0,False,False,False,0.0
0xd0f88203736360cac0e7aafce45219c78f7c2289,usdc,531,10.160200297505611,4.110873864173311,0.0188323917137476,1.3069325978265189e-05,0.0007841595586959,0.0188198294087018,4590902.4,0,False,False,False,0.0
0xd11b5c00741396033f6cd597a78a6ee760e094e8,usdc,41,4.726340987790156,4.382251184460691,0.2195121951219512,0.0001495274931217,0.0089716495873041,0.2153195900952988,401264.0,0,False,False,False,0.0
0xd12d091abc2f0d3edf1e1c81d23b4ce23b1f8ef6,usdc,7,6.4126257718638175,0.0,1.5714285714285714,0.0009818798536106,0.0589127912166384,1.4139069891993217,61107.27272727273,0,False,False,False,0.0
0xd1651512bc213182c00c3d3a98ec05e2f590c72e,usdc,53,5.8816612381280216,0.030664016509908226,0.3018867924528302,0.0002093769465512,0.012562616793078,0.3015028030338719,286564.5,0,False,False,False,0.0
0xd214ea34d03a8308b1def7dfe52c29c6a1e6f54c,usdc,40,7.094905987427223,10.728662406582705,6.225,0.0042208540703272,0.2532512442196336,6.078029861271206,14215.132530120482,0,False,False,False,0.0
0xd2b49f8f427d24ed398afa8f66c90fa7d169742d,usdc,553,7.376990191195893,0.0,0.0343580470162748,2.384681209540432e-05,0.0014308087257242,0.0343394094173822,2516059.5789473685,0,False,False,False,0.0
0xd2beb1d2359a9d0e54d881ed2c5f0a24e708515d,usdc,801,6.855145774529852,5.293304824724492,0.1772784019975031,0.0001230028281988,0.0073801696919298,0.1771240726063173,487793.661971831,0,False,False,False,0.0
0xd3e1b2d00766b8662cd4ba659f141d2315b301e9,usdc,160,2.4262477305005095,3.2316750837682884,0.0875,6.074817451735576e-05,0.0036448904710413,0.0874773713049922,987684.0,0,False,False,False,0.0
0xd4a7a82dc5c13f4326376fd9252d3f07191f4af5,usdc,12,4.628260778747444,1.3489078647620196,0.5833333333333334,0.0003922887245012,0.0235373234700739,0.5648957632817754,152948.57142857142,0,False,False,False,0.0
0xd53c79ff8c473bbfe4e40e5525d4d24fd4b8534c,usdc,1049,10.269890246671702,7.784952657208445,0.0495710200190657,3.442101877146949e-05,0.0020652611262881,0.049566267030916,1743120.9807692308,0,False,False,False,0.0
0xd68732c78312625f81d937a267fb4786d0dd166f,usdc,285,6.002661252892291,6.414810856054875,8.473684210526315,0.0058641925844553,0.351851555067318,8.444437321615633,10231.587577639752,0,False,False,False,0.0
0xd6c85f80667d6afc09bb40f65b8e13dbaf96de1b,usdc,104,4.015936617723882,4.567336627890222,7.346153846153846,0.005079773724006,0.3047864234403632,7.314874162568716,11811.549738219896,0,False,False,False,0.0
0xd7390b61441269480bf1b6d2cd5ae5cd27697f11,usdc,513,6.4165167900689175,7.692513140996959,0.0116959064327485,8.108897081878236e-06,0.0004865338249126,0.0116768117979046,7399280.0,0,False,False,False,0.0
0xd7571494639ce3adf2934a77e04a89463a465ea5,usdc,445,9.58323224677158,0.0009995003330835331,3.3752808988764045,0.0023415421377812,0.1404925282668722,3.3718206784049327,25624.13848202397,0,False,False,False,0.0
0xd91efec7e42f80156d1d9f660a69847188950747,usdc,45,10.550786018538728,10.815067204680163,26.511111111111116,0.0183841658858918,1.1030499531535083,26.473198875684204,3263.6781223805533,0,False,False,False,0.0
0xd977e4d12bffe6fd99cb823d3c307963633f2cac,usdc,34,8.449099622835183,8.003317531013842,0.2941176470588235,0.0001998992507776,0.0119939550466564,0.2878549211197557,300151.2,0,False,False,False,0.0
0xda3dd9f1fe8b0f1ad034e0cd1c9800693f08e095,usdc,295,3.2714871270068504,1.78465092999076,4.711864406779661,0.0032612327178128,0.1956739630687683,4.696175113650441,18397.95107913669,0,False,False,False,0.0
0xda3e65e6a6e3ca2b5691e0967e4d753b8af5bf7f,usdc,140,1.448045935921494,0.9204217873026971,0.0285714285714285,1.9701133800250203e-05,0.001182068028015,0.0283696326723602,3045510.0,0,False,False,False,0.0
0xdb57fdf5fd24a9d0e1ea94552eb2c7bdcb28fa27,usdc,62,10.946441406354888,0.0,2.4838709677419355,0.0016999706368708,0.101998238212249,2.4479577170939777,35294.72727272727,0,False,False,False,0.0
0xdd36f0bad582457f679e7caf4c10946cf3840c8d,usdc,254,10.715505018091516,10.513724780409722,0.0984251968503937,6.813693452476668e-05,0.004088216071486,0.098117185715664,880579.68,0,False,False,False,0.0
0xddfabcdc4d8ffc6d5beaf154f18b778f892a0740,usdc,1078,6.084108479393045,2.3513752571634776,0.0269016697588126,1.867150763775189e-05,0.0011202904582651,0.0268869709983627,3213452.3448275863,0,False,False,False,0.0
0xdf31a70a21a1931e02033dbba7deace6c45cfd0f,usdc,132,8.651591056534468,6.96541376593135,17.939393939393938,0.0124536275923582,0.7472176555414961,17.93322373299591,4817.873310810811,0,False,False,False,0.0
0xdf73c0f552003342c9c9a2975fccf5be1c210f34,usdc,249,4.600623529804411,3.1335611748955547,0.1526104417670682,0.0001056243287295,0.0063374597237757,0.1520990333706168,568050.947368421,0,False,False,False,0.0
0xdff78a949e47c1e90f3dd6dd7fe2fa72b42a75f7,usdc,737,9.858114498450293,6.67272314013331,11.472184531886024,0.0079659616484405,0.4779576989064351,11.47098477375444,7532.047309284447,0,False,False,False,0.0
0xe0966017426ae5fb8b9fa8be8ad4421b5345c941,usdc,47,1.4259419405703715,0.3194234426145104,0.2978723404255319,0.000203201291199,0.0121920774719437,0.2926098593266489,295273.71428571426,0,False,False,False,0.0
0xe0a607758f532c9023aa4c6b451727e63ef51ef4,usdc,435,8.065041783437294,8.604214153659928,0.0229885057471264,1.5960667807109585e-05,0.0009576400684265,0.0229833616422378,3759241.2,0,False,False,False,0.0
0xe0cb9b0e6adbca6bc67769a00e6a85f8914a7351,usdc,295,5.14342304751189,4.749287386962625,0.0711864406779661,4.940035031905569e-05,0.0029640210191433,0.0711365044594402,1214566.2857142857,0,False,False,False,0.0
0xe1b0b6dc8d5e216622f2115d5a61bc243d607467,usdc,530,9.192688149814739,2.3978952727983707,0.0924528301886792,6.410137331305462e-05,0.0038460823987832,0.0923059775707986,936017.387755102,0,False,False,False,0.0
0xe1b2fb6d21688b8814284eec03704a3bc6befdcd,usdc,841,9.050648799574832,7.739640411296012,0.1854934601664684,0.000128782580703,0.0077269548421816,0.1854469162123606,465901.5192307693,0,False,False,False,0.0
0xe27baebd7b14602de3797974db9f5f4f8dcb6679,usdc,190,6.747983984394214,0.09577280005180207,3.147368421052632,0.0021831494449762,0.1309889666985742,3.1437352007657817,27483.23076923077,0,False,False,False,0.0
0xe291cc3e5b9e0c9b37c9fbdd549abf3b5c0ad342,usdc,104,26.697879378116554,10.308985993422082,27.971153846153847,0.0193203795800391,1.1592227748023465,27.821346595256312,3105.5290477827434,0,False,False,False,0.0
0xe372a1c1e026da88bad155b24f32a858a52f0312,usdc,189,2.729788766232229,3.699898223883899,0.0687830687830687,4.7675664653775655e-05,0.0028605398792265,0.0686529571014369,1258503.6923076925,0,False,False,False,0.0
0xe37e799d5077682fa0a244d46e5649f71457bd09,usdc,45,6.181693487146779,0.11486322158943055,0.1555555555555555,0.0001058530698902,0.0063511841934147,0.1524284206419535,566823.4285714285,0,False,False,False,0.0
0xe39e8dae2f0253e7bdd8130b54d9e9df2b84af01,usdc,114,5.437839992297538,9.207298646516119,1.4736842105263157,0.0010204887412149,0.0612293244728993,1.4695037873495842,58795.357142857145,0,False,False,False,0.0
0xe4253cb0ab81e82a4d993d866b6146596f4e5742,usdc,19,6.249310928988183,3.471717974477274,0.2105263157894736,0.0001407033761775,0.0084422025706506,0.2026128616956163,426429.0,0,False,False,False,0.0
0xe43ef9b548f57dfdb5804cc07f25a99cf6ad4dc1,usdc,192,10.460158447004773,3.6570725089417504,0.0208333333333333,1.4413843054869897e-05,0.0008648305832921,0.0207559339990126,4162665.0,0,False,False,False,0.0
0xe448d9d70efe95714e38d210e58d458dab0a77d5,usdc,1486,5.878368374076705,1.799340493840442,0.0841184387617765,5.840931119184317e-05,0.0035045586715105,0.0841094081162541,1027233.48,0,False,False,False,0.0
0xe555302a3d0fff39c3bc2388298dff385c60494b,usdc,251,9.424186194002445,6.306568408217355,2.0756972111553784,0.0014389538336105,0.0863372300166322,2.072093520399173,41696.95969289827,0,False,False,False,0.0
0xe56efbf5ccf1a3a1f227bfd02b0856ac20e3c4cb,usdc,202,6.399223637273109,4.276666119016055,0.1336633663366336,9.268642329271608e-05,0.0055611853975629,0.1334684495415111,647344.0,0,False,False,False,0.0
0xe578184bc88eb48485bba23a37b5509578d2ae38,usdc,176,5.78386957800551,2.479438727912788,11.619318181818182,0.0080560274054628,0.4833616443277688,11.600679463866452,7447.839608801956,0,False,False,False,0.0
0xe66b31678d6c16e9ebf358268a790b763c133750,usdc,428,6.979555869044215,1.595606497909592,3.691588785046729,0.0025591338077125,0.1535480284627509,3.685152683106024,23445.432911392407,0,False,False,False,0.0
0xe6f6e7f6dca3418cedde32dc866a74a6c6bdce48,usdc,15,5.700346618627296,2.601515811538742,1.9333333333333331,0.0012950706929967,0.0777042415798076,1.8649017979153828,46329.51724137931,0,False,False,False,0.0
0xe807dc4aa7fdb6d4c4b277dc741204ebc6315e52,usdc,20,1.808468427171309,1.3125678931072855,0.3,0.0001991079961771,0.0119464797706275,0.2867155144950621,301344.0,0,False,False,False,0.0
0xe8cfa6199ebed62f28964beaf2f741b5c95c56dc,usdc,263,7.936040708940709,8.822371651631128,0.026615969581749,1.843352922030385e-05,0.0011060117532182,0.0265442820772375,3254938.285714286,0,False,False,False,0.0
0xea51075ccbd58174834da36372b0ed52199c483c,usdc,104,8.372633126023002,7.572934820778246,6.903846153846154,0.0047641544488443,0.2858492669306636,6.860382406335927,12594.050139275769,0,False,False,False,0.0
0xeb114d276880d2aa28aaffa8ca041467332fceac,usdc,315,6.351186738302555,6.633059564250365,0.0380952380952381,2.645064133988369e-05,0.001587038480393,0.0380889235294325,2268376.0,0,False,False,False,0.0
0xeb73b4a639deb107e739d251cee78dcf58d2d70f,usdc,47,6.323081734397142,5.153441178685229,6.702127659574468,0.0045823647329572,0.2749418839774344,6.598605215458425,13093.67619047619,0,False,False,False,0.0
0xeba54a9380dd5e8966a7c8779c96e987dc83ccaa,usdc,26,5.761480606424915,5.704653391964267,0.4230769230769231,0.0002852785875079,0.0171167152504746,0.4108011660113904,210320.7272727273,0,False,False,False,0.0
0xec00a628ef783a8a9dee5325435e084e8b988cda,usdc,189,5.406927869804209,3.0189620606390877,0.544973544973545,0.0003782076043963,0.0226924562637788,0.544618950330693,158643.0291262136,0,False,False,False,0.0
0xee5404082f5122870aab1e8de2b3d2dadb8474b5,usdc,2027,2.067957373355755,0.8711498409998558,0.018746916625555,1.3013962103445095e-05,0.0007808377262067,0.0187401054289609,4610432.97368421,0,False,False,False,0.0
0xeeeeee9ec4769a09a76a83c7bc42b185872860ee,usdc,280,7.836953446929044,6.976120152786482,12.385714285714286,0.0085810403546434,0.5148624212786047,12.356698110686512,6992.159169550173,0,False,False,False,0.0
0xef7af10f6d51b75075c5fded96ab8ea99fa42590,usdc,294,11.191034368641125,12.753383348836666,0.9625850340136054,0.0006672838059416,0.0400370283564964,0.960888680555916,89916.76325088339,0,False,False,False,0.0
0xeffa1ff60a061e2b926bf4b561ce8c47aa46e573,usdc,7,3.5287731804474785,3.924409850716294,0.4285714285714285,0.0002691258791445,0.0161475527486723,0.3875412659681355,222944.0,0,False,False,False,0.0
0xf01101e43c0a4ba64641132b93934c19a23dcf51,usdc,2051,7.825949505807112,7.273092595999522,0.0926377376889322,6.43158265446615e-05,0.0038589495926796,0.0926147902243125,932896.3526315788,0,False,False,False,0.0
0xf081470f5c6fbccf48cc4e5b82dd926409dcdd67,usdc,281,9.00189827534067,0.10453837779508988,4.131672597864768,0.0028604499554301,0.1716269973258119,4.119047935819486,20975.72093023256,0,False,False,False,0.0
0xf0f3feec459e484ccc32aba1d06b666cf0934af3,usdc,19,6.247723829421665,3.464490127143365,0.2105263157894736,0.0001406479651755,0.0084388779105338,0.2025330698528119,426597.0,0,False,False,False,0.0
0xf13ec46b1f7db4ff32afc67cb34eeb39bca65624,usdc,529,7.040091255709289,6.074393545434301,0.054820415879017,3.80049348752678e-05,0.002280296092516,0.0547271062203856,1578742.3448275863,0,False,False,False,0.0
0xf20cb3d4af3f23630775416d6b62df608d5a733b,usdc,97,1.6466080678205104,1.9097414480568962,1.2577319587628866,0.0008722160579265,0.0523329634755951,1.2559911234142829,68790.29508196721,0,False,False,False,0.0
0xf2c4e7202832fe8b41e34d4f6431dd594a537341,usdc,344,2.0230182933683527,2.204684240292736,0.0319767441860465,2.2143623542295327e-05,0.0013286174125377,0.0318868179009052,2709583.636363636,0,False,False,False,0.0
0xf3ad3821a0036fd9caec0a4cf5d31515fad03f00,usdc,971,5.155815529866729,2.1045252972760022,5.144181256436664,0.0035723199911889,0.2143391994713395,5.144140787312149,16795.807807807807,0,False,False,False,0.0
0xf3d69733c6fa62687fb4bdb7bd6f5d45f9d8b71d,usdc,262,19.974863039751202,8.263245516697362,0.3549618320610687,0.000246278937113,0.0147767362267842,0.3546416694428217,243626.1935483871,0,False,False,False,0.0
0xf54025af2dc86809be1153c1f20d77adb7e8ecf4,usdc,174,2.5745678640038867,2.4558480932360474,28.729885057471265,0.0199241296794203,1.1954477807652235,28.69074673836537,3011.423884776955,0,False,False,False,0.0
0xf5cdfa450b77890c04794d41a5136b2d8dff8e5e,usdc,214,1.9371116123468144,1.1352691410142683,0.0233644859813084,1.6217580246208816e-05,0.0009730548147725,0.0233533155545406,3699688.8,0,False,False,False,0.0
0xf65d2c8c428a1985e5d6f2f9d9ccb01ee55235da,usdc,1511,4.639571612705423,5.303304908059076,0.0026472534745201,1.8381460336561475e-06,0.0001102887620193,0.0026469302884648,32641585.0,0,False,False,False,0.0
0xf6ba2a1311bb3f399b9d4065077d925e5b8e77a4,usdc,753,6.38965231955621,5.017279836814924,0.0743691899070385,5.159525146788491e-05,0.003095715088073,0.0742971621137542,1162897.7142857143,0,False,False,False,0.0
0xf955c57f9ea9dc8781965feae0b6a2ace2bad6f3,usdc,199,5.110548644852393,1.7749523509116738,0.0301507537688442,2.0864252997149945e-05,0.0012518551798289,0.0300445243158959,2875732.0,0,False,False,False,0.0
0xf956f48e651280b0d57feeabc56810fc8c5dc94f,usdc,258,4.89105927269083,5.303304908059076,0.1124031007751938,7.778477542730665e-05,0.0046670865256383,0.1120100766153215,771359.1724137932,0,False,False,False,0.0
0xf95e60f6400a6d65275b2872dceb190c9441f309,usdc,74,2.347887276463195,3.371495275819807,0.0945945945945946,6.482754022085817e-05,0.0038896524132514,0.0933516579180357,925532.5714285716,0,False,False,False,0.0
0xf9a521579c09ac3addc2fcf7b705284e15b5e579,usdc,462,8.890523667038549,4.983428297590358,5.073593073593074,0.0035187164490987,0.2111229869459222,5.066951686702134,17051.672354948805,0,False,False,False,0.0
0xf9ff1ffa1ec934441eafb896b3793c9c8498cbc3,usdc,42,3.194048453864989,3.1801194870759897,0.1428571428571428,9.7870660659583e-05,0.0058722396395749,0.1409337513497995,613054.0,0,False,False,False,0.0
0xfa7b1534777609d7082bf51c430ebe83c28bd12a,usdc,45,3.2282493378448933,0.08292930666579792,28.933333333333334,0.0199685901132473,1.198115406794842,28.754769763076204,3004.7188940092165,0,False,False,False,0.0
0xfa893430ad251af8200c4854a61377c17bad31da,usdc,318,7.7784980809622,8.449556542700426,0.0974842767295597,6.761699812809975e-05,0.0040570198876859,0.0973684773044636,887350.8387096775,0,False,False,False,0.0
0xfad0a0c39045228cbe3ae1370db199252b67d027,usdc,100,9.630098669614526,9.999500033330834e-05,0.13,8.962154888097156e-05,0.0053772929328582,0.129055030388599,669481.8461538461,0,False,False,False,0.0
0xfad5098dbd9fdff3e25151a13e8e40396aa0cf3f,usdc,186,3.0890287681635815,1.9459101490553132,0.021505376344086,1.4893474424181043e-05,0.0008936084654508,0.0214466031708207,4028610.0,0,False,False,False,0.0
0xfb6fe617d792c917f73d0496195276eb464f957b,usdc,374,1.0852281189326263,1.8980403112556186,0.0213903743315508,1.483256445027364e-05,0.0008899538670164,0.021358892808394,4045153.5,0,False,False,False,0.0
0xfb85980b31b7f453f95f6558e15a2e785c7af081,usdc,439,5.515532645268326,5.302311110923659,0.0387243735763098,2.6877376869202987e-05,0.0016126426121521,0.0387034226916523,2232360.705882353,0,False,False,False,0.0
0xfbd9275bf42f21b7cb857e6c00ffcb99443718b5,usdc,1037,3.4245543658263644,3.6956994946769903,0.2246865959498553,0.00015591406124,0.0093548436744059,0.2245162481857425,384827.3819742489,0,False,False,False,0.0
0xfbeedcfe378866dab6abbafd8b2986f5c1768737,usdc,28,6.870821713600166,4.628656168454022,46.0,0.0309569246891088,1.8574154813465305,44.577971552316725,1938.1770186335405,0,False,False,False,0.0
0xfc8029035b856da04ae76a6e0e868053004f4525,usdc,123,7.717245298197639,6.821190559317181,0.1219512195121951,8.41510949740478e-05,0.0050490656984428,0.1211775767626288,713003.2,0,False,False,False,0.0
0xfc88ecb324ed5fe4c0e289cbadea02047dff68a2,usdc,1114,6.53104689054475,4.555555345366491,0.0296229802513465,2.05702073956877e-05,0.0012342124437412,0.0296210986497902,2916839.8181818184,0,False,False,False,0.0
0xfccaf006c57cebdc77098287e1e013793a229c75,usdc,580,7.132310514673638,4.709530201312334,0.0758620689655172,5.2599679381045225e-05,0.0031559807628627,0.0757435383087051,1140691.3636363635,0,False,False,False,0.0
0xfcf35a9ba792353526c03dffa1b3ffd0087bbf68,usdc,198,6.881935142207989,5.673323267171493,0.2272727272727272,0.0001571455111559,0.009428730669356,0.2262895360645456,381811.7333333333,0,False,False,False,0.0
0xfd51508cae748bfa27d1372d34654147e4878bca,usdc,30,2.047232319521686,2.772588722239781,0.7,0.0004806745924566,0.0288404755473968,0.6921714131375233,124824.57142857143,0,False,False,False,0.0
0xfe0d145b14846ad482cdd69dc004bfa576d667cf,usdc,106,1.8148769320911808,0.7419373447293773,0.4150943396226415,0.0002872272646564,0.0172336358793854,0.4136072611052505,208893.81818181815,0,False,False,False,0.0
0xfe27b58dceaa43b5fbaa78d33a5a3a09e0a357b8,usdc,425,7.452026711110419,0.13981759300054697,0.0776470588235294,5.388186156933371e-05,0.00323291169416,0.0775898806598405,1113547.2727272727,0,False,False,False,0.0
0xff7690b1963171db50ce9a1e3ac58cf25c8dfb4c,usdc,1362,8.405028673364223,9.210612711588384,0.0565345080763583,3.923967506899091e-05,0.0023543805041394,0.0565051320993469,1529064.6493506494,0,False,False,False,0.0
0xffe1fc8a924098bd3c949490913c1a2e24ff111f,usdc,10,0.5008549817065514,0.8330234642239766,0.4,0.000269157268592,0.0161494361155223,0.3875864667725352,222918.0,0,False,False,False,0.0
