wallet,token,wallet_age_days,avg_tx,recent_tx,tx_frequency,tx_per_min,tx_per_hour,tx_per_day,avg_time_between_tx_sec,label
0x14d2595fecbdd884035900c85ce56afbbec6c745,usdt,9,45087.0,45087.0,1.8888888888888888,0.0012186205215695832,0.073117231294175,1.7548135510601999,49236.0,0
0xa0fc0ea0f2a94ab79132c913cc6c10382c648451,usdt,1888,70.53763733333334,2.0,0.0015889830508474577,1.1029684060031114e-06,6.617810436018669e-05,0.0015882745046444805,54398657.0,0
0x5dfbf96e481a964031ddd3dd3b4c2ae02a2d7a1d,usdt,67,152.67201134736843,15.0,1.4179104477611941,0.0009813137208317408,0.05887882324990445,1.413091757997707,61142.52631578947,0
0xae0cf166cff6669ef8019747b30fda9caa413f3a,usdt,33,15.040500909090907,2.227792,0.3333333333333333,0.00022571047501795423,0.013542628501077255,0.3250230840258541,265827.2727272727,0
0x9bf81cc31d0f1fa7ade83058509a4db154a182a2,usdt,67,5840.1392497095885,800.0,49.02985074626866,0.03381062754994915,2.028637652996949,48.68730367192678,1774.5899543378996,0
0xb1e4e25b1938c78ec0b21ccb2d6a0be60aa7e63f,usdt,41,13.444493356989247,8.6,45.36585365853659,0.031200829338173374,1.8720497602904025,44.92919424696966,1923.0258064516129,0
0x362a8e052cc80d018542c04ba7addd6dca4c2b69,usdt,50,1323.6156178461538,474.120933,0.78,0.0005348326933625892,0.03208996160175535,0.7701590784421284,112184.61538461539,0
0x139d602458a7aaf3243bc9ac9d09cc9b18da5fcd,usdt,753,2045.9164144444444,3000.0,0.02390438247011952,1.6588877121026182e-05,0.0009953326272615708,0.0238879830542777,3616881.3333333335,0
0x3eb210eaa4026f62d027fafaba1fa5592febb06a,usdt,1563,1335.5354454963503,51.30122,0.17530390275111965,0.00012166322599264667,0.0072997935595588,0.1751950454294112,493164.6313868613,0
0x072ab8b22c7c7b4dd2b3367c6e7445d6c9e3cb2f,usdt,333,10019.350342714284,27016.539087,0.35735735735735735,0.0002480346898399155,0.014882081390394928,0.3571699533694783,241901.64705882352,0
0x0187fc00e5e43fb3ebffcbee8708abcfb50ee1c3,usdt,26,271.49860671111105,3584.0,1.7307692307692308,0.0011615840909442905,0.06969504545665743,1.6726810909597782,51653.6,0
0x8ca5a807547afde55bb49990728488394f0f53d5,usdt,526,923.7751442787329,1698.032539,14.70532319391635,0.010195847265021641,0.6117508359012984,14.682020061631162,5884.74880413704,0
0xd9a30a7ade2d83485128873622ff749d0b9c1827,usdt,415,132.31968147619048,70.0,0.10120481927710843,7.020584353323946e-05,0.004212350611994368,0.10109641468786482,854629.7142857143,0
0x61b7b515c1ec603cf21463bcac992b60fd610ca9,usdt,454,3821.2182719847124,8862.910001,8.3568281938326,0.005799506445798308,0.3479703867478985,8.351289281949564,10345.707959936743,0
0x8b2fd57cd31bb0844a6727777f3c9fec5177e044,usdt,36,14.673099999999998,18.5962,0.1111111111111111,7.715067140371789e-05,0.004629040284223073,0.11109696682135375,777699.0,0
0xbe24e013bfcaef3b27f27ac1c13a613a145112a1,usdt,69,18787.89748394457,19.9,12.81159420289855,0.008788377073072772,0.5273026243843663,12.65526298522479,6827.1990950226245,0
0x6111215935c04dc08a66d6ec9b86e83e3717c00f,usdt,48,1901.1908215855856,1.116609,6.9375,0.004738931819152115,0.28433590914912693,6.824061819579047,12661.081081081082,0
0x941d975ae56804b62fc96a4afd11cdba78ce477d,usdt,59,1516.6666666666667,1650.0,0.1016949152542373,6.993871037680646e-05,0.004196322622608387,0.10071174294260131,857894.0,0
0x3fc91a3afd70395cd496c647d5a6cc9d4b2b7fad,usdt,17,450.8386442610015,212.238713,38.76470588235294,0.02615120874934523,1.5690725249607136,37.65774059905713,2294.3490136570563,0
0x188042d09dfd16fba1234a555ac48ee23ad11386,usdt,56,0.502075,2.128647,0.125,8.679393136831873e-05,0.005207635882099123,0.12498326117037897,691292.5714285715,0
0x3464cab40699df86a21eb35a9af48eca06310f85,usdt,366,366.8776324666667,284.99,0.08196721311475409,5.6796732446117886e-05,0.003407803946767073,0.08178729472240975,1056398.8,0
0xfad5098dbd9fdff3e25151a13e8e40396aa0cf3f,usdt,951,74.04617338461539,12.174179,0.013669821240799159,9.48697227074768e-06,0.0005692183362448609,0.013661240069876658,6324462.461538462,0
0x32c3bb0583e249452f027cbcceaad026ba8e34ff,usdt,12,53.452931388888885,3.269203,1.5,0.0010269986534906543,0.06161991920943926,1.4788780610265424,58422.666666666664,0
0x67cc642f32d724724765dbc40472a3d520b9e02a,usdt,1601,8632.284284172414,3000.0,0.03622735790131168,2.5147058989306168e-05,0.0015088235393583703,0.036211764944600884,2385964.896551724,0
0xf6d22784d4aa1c4851ff8cfc220e9c20fbbe41df,usdt,54,284.78441755319153,133.244672,0.8703703703703703,0.0005938182259238295,0.03562909355542977,0.8550982453303145,101041.02127659574,0
0xff39ac78dc7872e1b6b561859056903bbf9d2533,usdt,171,3969.316946449276,0.0005,0.40350877192982454,0.0002787268404252483,0.016723610425514897,0.4013666502123575,215264.52173913043,0
0xb87b70ad983bdbe6a4d034c4daedd313b77dcd28,usdt,46,728.6636506666667,1070.995476,0.06521739130434782,4.516031913292187e-05,0.002709619147975312,0.0650308595514075,1328600.0,0
0x0306f8319f06ff5b7c62cce67682e8f14ffec55f,usdt,331,1469.3314325086956,0.001355,0.6948640483383686,0.0004824483203456847,0.028946899220741083,0.6947255812977859,124365.65217391304,0
0x20e2fa2f6fe1933b913cb761e90c95493adda63a,usdt,15,246.55555555555554,389.8605,0.6,0.000415018122458014,0.024901087347480838,0.5976260963395401,144572.0,0
0xeb114d276880d2aa28aaffa8ca041467332fceac,usdt,1165,3226.6993364117648,105.514173,0.029184549356223177,2.0262823924085767e-05,0.001215769435445146,0.029178466450683505,2961087.7647058824,0
0x99ee8e4e3061cc767a9d4965de14a0e194958f82,usdt,1372,56.07203510526317,2.0,0.013848396501457727,9.61622498065979e-06,0.0005769734988395873,0.013847363972150098,6239454.684210527,0
0xb2e51e4e01537e32ef74a9fdd444e457137047ee,usdt,973,10454.15180908911,1982.447893,0.20760534429599178,0.00014412898259624698,0.008647738955774817,0.20754573493859563,416293.78712871287,0
0x8d235469449c250f68333686cb37528571f3f83e,usdt,66,82.84067172727273,46.549873,0.16666666666666666,0.00011441766608764393,0.006865059965258636,0.16476143916620725,524394.5454545454,0
0xde0b295669a9fd93d5f28d9ec85e40f4cb697bae,usdt,322,143144.25813435725,0.01,0.043478260869565216,3.0156243807199934e-05,0.001809374628431996,0.04342499108236791,1989637.7142857143,0
0x8628f9e336aaf584d9dbbb2ef6bb1a30be7ee6be,usdt,32,32642.17284721666,136.127261,1.875,0.001269475875726775,0.0761685525436065,1.8280452610465556,47263.6,0
0x95a18145e249af9922e6982ca0a43bcca321b92d,usdt,31,427.6404402857143,2.426511,0.22580645161290322,0.00015630652155466932,0.00937839129328016,0.22508139103872382,383861.14285714284,0
0x00821f4a88a5b6ed7fd31969f778f0a444fe83c3,usdt,77,97276.52666782457,99951.222572,1.4805194805194806,0.001019935260951331,0.06119611565707987,1.4687067757699168,58827.26315789474,0
0x1888c27d535c9e70634cb5612532931f604b1340,usdt,467,4744.530445294117,295.472304,0.03640256959314775,2.5229686614642064e-05,0.001513781196878524,0.03633074872508457,2378150.8235294116,0
0xa0b6dbac3814674277a458ada1913a9ce2c4ea7e,usdt,80,18.242797666666668,20.250988,0.0375,2.5732254179775823e-05,0.0015439352507865493,0.03705444601887718,2331704.0,0
0x5141b82f5ffda4c6fe1e372978f1c5427640a190,usdt,175,16790.417887006228,2157.76519,10.09142857142857,0.006993549776966748,0.41961298661800484,10.070711678832115,8579.334088335221,0
0x6733c60e6e02f9c8fa221db1aea018d80d949861,usdt,226,251.52941176470588,150.0,0.0752212389380531,5.2188702066979594e-05,0.003131322124018776,0.07515173097645061,1149674.1176470588,0
0xd7571494639ce3adf2934a77e04a89463a465ea5,usdt,315,441.47540133333337,1e-06,0.02857142857142857,1.978105449724472e-05,0.001186863269834683,0.028484718476032393,3033205.3333333335,0
0xd2beb1d2359a9d0e54d881ed2c5f0a24e708515d,usdt,807,269.0801400298508,706.99,0.33209417596034696,0.00023040880367966297,0.01382452822077978,0.3317886772987147,260406.71641791044,0
0xb0a53306c85efb7c5c51b5c8de08b366d03fc3ab,usdt,43,131.68025233333333,75.0,0.06976744186046512,4.80678333263902e-05,0.002884069999583412,0.06921767999000189,1248236.0,0
0xe66b31678d6c16e9ebf358268a790b763c133750,usdt,428,929.732324442953,2.289118,1.3925233644859814,0.0009653754176544487,0.05792252505926693,1.3901406014224063,62151.98657718121,0
0x9416328383114936caa5a208a3956ff615518f24,usdt,345,986.8733659651165,1028.697772,0.2492753623188406,0.0001726900695177931,0.010361404171067587,0.24867370010562206,347443.25581395347,0
0x8bd684b693f0de14af2fa49ebbdb113dd77c8711,usdt,139,2431.674257904762,14900.0,0.7553956834532374,0.0005210907769910134,0.031265446619460804,0.7503707188670593,115143.08571428571,0
0x123432a7045cd81b22a7792aec2510ffbd6f4eae,usdt,85,2715.249245280576,8450.0,1.6352941176470588,0.0011241407197735544,0.06744844318641326,1.6187626364739183,53374.10071942446,0
0x8b40ca14faf036125bea70fdbd59601115b2e597,usdt,1536,559.7500859991937,15.145956,1.615234375,0.0011212469157518522,0.06727481494511114,1.6145955586826672,53511.85288190246,0
0xc4689a5772cd5cb59f282a16847a439e83c5f311,usdt,306,731.9621541005918,122.128465,1.1045751633986929,0.0007654290569551684,0.04592574341731011,1.1022178420154427,78387.40828402367,0
0x59a8ea321ec9e28eaa3fde95f944e0be3774b936,usdt,11,23.209316400000002,54.263996,1.3636363636363635,0.0008755647392568207,0.05253388435540925,1.2608132245298218,68527.2,0
0x0c6bf2adab34bbed738c50b50ab145b6637e378d,usdt,77,259.30091742857144,10.0,0.09090909090909091,6.309876218256816e-05,0.0037859257309540892,0.09086221754289814,950890.2857142857,0
0xfa893430ad251af8200c4854a61377c17bad31da,usdt,469,1570.5044826,0.0,0.021321961620469083,1.4781512614358096e-05,0.0008868907568614858,0.02128537816467566,4059124.5,0
0x2b226dfa5cd9bed2f3a171e8df549d59588b52d0,usdt,1251,13198.395059130433,0.05963,0.31254996003197444,0.00021693430219558597,0.013016058131735158,0.3123853951616438,276581.43222506397,0
0x6de8be6730563a88676f9c6205435f23ac755a69,usdt,366,2344.8049135,0.000196,0.26229508196721313,0.00018165324892512367,0.01089919493550742,0.2615806784521781,330299.625,0
0xfe27b58dceaa43b5fbaa78d33a5a3a09e0a357b8,usdt,363,2395.3741865468746,9200.0,0.1763085399449036,0.00012214453744817922,0.007328672246890753,0.17588813392537808,491221.3125,0
0x649cbf4fd4efb3cca89cbb9982114bcf22fad9ff,usdt,33,6873.1979093754435,100.053793,42.696969696969695,0.029090533704965418,1.7454320222979252,41.8903685351502,2062.526614620298,0
0x6ef2cb5a35ab5ee47cd044d3e285f9f67d8bb06a,usdt,1992,54954.99948116279,622828.0001,0.021586345381526106,1.4984727078286974e-05,0.0008990836246972185,0.021578006992733243,4004076.930232558,0
0xbd45a9e38f1132d3d681d24a8fdc64a050fcb6b1,usdt,430,1420.4874425365854,177.44626,0.19069767441860466,0.00013227705267369026,0.007936623160421414,0.19047895585011398,453593.4146341463,0
0x406f4533b2f6209812d7ef9c7d69b8c54217c208,usdt,351,480.764164,0.0,0.014245014245014245,9.867744592771996e-06,0.0005920646755663198,0.014209552213591672,6080416.8,0
0x3ef3d8ba38ebe18db133cec108f4d14ce00dd9ae,usdt,13,294.4736142962963,19796.0,18.692307692307693,0.012802141065896782,0.7681284639538069,18.435083134891364,4686.716049382716,0
0xce16f69375520ab01377ce7b88f5ba8c48f8d666,usdt,18,13579.367250875,84.580105,6.222222222222222,0.0042274041473854265,0.2536442488431256,6.087461972235014,14193.107142857143,0
0xd5b954c57a228bae49fa8f9d915742681e264bc0,usdt,29,119.72285714285717,56.75,0.4827586206896552,0.0003344433667935959,0.020066602007615755,0.481598448182778,179402.57142857142,0
0x2c11a5a75048d0d1e1598aec4b67a11f1e851293,usdt,600,14243.70140724932,0.002755,1.23,0.0008531764290242759,0.05119058574145656,1.2285740577949573,70325.43089430894,0
0xf621fb08bbe51af70e7e0f4ea63496894166ff7f,usdt,32,14911.082251101438,165.0,39.125,0.027027377092355052,1.6216426255413032,38.919423012991274,2219.9712460063897,0
0x44a0445474a4600df5a659846f14a16ce48b8451,usdt,10,514.8988459346247,1670.964516,41.3,0.02634365392220649,1.5806192353323891,37.93486164797734,2277.588377723971,0
0x1e1ed00f1048c99240bb56defc20de44a0a005cb,usdt,27,673.6200179269912,510.083849,33.48148148148148,0.023184242921624947,1.391054575297497,33.385309807139926,2587.9646017699115,0
0x5d907bea404e6f821d467314a9ca07663cf64c9b,usdt,56,5.1431299333333325,9.997379,0.26785714285714285,0.00018573919245552166,0.011144351547331299,0.2674644371359512,323033.6,0
0x0375d4e988653d7fd5dd6f775702b80b3293b801,usdt,108,16.37821883088235,13.5,1.2592592592592593,0.000871642893034035,0.0522985735820421,1.2551657659690105,68835.5294117647,0
0x01d37a36220d52108ae6d453fe6cd80af2906376,usdt,67,3564.5577868636365,1.2735,1.3134328358208955,0.0009116525774904691,0.05469915464942815,1.3127797115862756,65814.54545454546,0
0xe254e46122132d8d79cc808ed4b1b61e44228cdf,usdt,1236,170.4614870181818,0.117738,0.2669902912621359,0.00018536789010223094,0.011122073406133857,0.26692976174721256,323680.65454545454,0
0x3fda25f27211a138adf211f4c060f2149674be6d,usdt,54,12623.529411764706,1655.74,3.1481481481481484,0.002149727237549918,0.12898363425299508,3.0956072220718815,27910.517647058823,0
0x6a33e4c3ecac6a1514642d462a87000e90945d7c,usdt,109,16.293333333333333,22.94,0.027522935779816515,1.9091256204658265e-05,0.001145475372279496,0.027491408934707903,3142800.0,0
0xfbd9275bf42f21b7cb857e6c00ffcb99443718b5,usdt,1029,58.36416959117646,10.404704,0.3304178814382896,0.00022926407580279513,0.013755844548167709,0.330140269156025,261706.9411764706,0
0x4b08528d3c0bc46fab2701acef64cd53d6b3f9cd,usdt,42,146.1215078976378,11.885651,6.0476190476190474,0.0041086893927874705,0.24652136356724827,5.916512725613958,14603.1968503937,0
0xf65d2c8c428a1985e5d6f2f9d9ccb01ee55235da,usdt,761,270.0803507608696,14.046941,0.06044678055190539,4.195101398336733e-05,0.0025170608390020404,0.06040946013604896,1430239.5652173914,0
0xbbe06ea75813760ae2387276b64b592a4b6ce29f,usdt,81,277.29374082419355,30.0,38.27160493827161,0.026278000905319517,1.5766800543191708,37.8403213036601,2283.2787096774196,0
0xe37e799d5077682fa0a244d46e5649f71457bd09,usdt,35,2713.0842263333334,0.121748,0.17142857142857143,0.00011885989587873121,0.007131593752723872,0.17115825006537297,504796.0,0
0xa2a27c7fa5fcc886d62aaa11c2d9dcb33b25725f,usdt,260,231.67970592941177,507.370507,0.3269230769230769,0.00022685250423813856,0.013611150254288313,0.3266676061029195,264489.03529411764,0
0xc58601ddb27f10c7929610fbfa83abe565026555,usdt,703,9.105682180958011,0.500924,2.4054054054054053,0.0016681707496567968,0.1000902449794078,2.4021658795057874,35967.54109994086,0
0xcd32370f47e032e0d16d62f5416b9bce33be2bd5,usdt,8,16.07191567857143,23.310832,3.5,0.0021711822087126438,0.13027093252275865,3.1265023805462073,27634.714285714286,0
0xd5c97daa0bff751e4282bbc5ac8d008738881224,usdt,2045,31445.68052722497,3.873388,2.1975550122249388,0.0015260305099137228,0.09156183059482337,2.197483934275761,39317.693591455274,0
0x3ba32db0ba3db5612bc2222faa7a5c4dacee1979,usdt,8,572.1602645454545,0.375,1.375,0.0008817635270541082,0.05290581162324649,1.2697394789579157,68045.45454545454,0
0xde32b004113df2f620f1bf667c6ae22cfdc38a67,usdt,256,3227.419828690909,1200.0,0.21484375,0.00014875422394380444,0.008925253436628266,0.21420608247907838,403349.89090909093,0
0x0708b29cfaba8e551c710991026c38e9179dce1e,usdt,23,2617.9634166713613,27.139203,46.30434782608695,0.031912407184336855,1.9147444310602109,45.953866345445064,1880.1464788732394,0
0x2e5b0aa712a05a9b61fe6b976148f0b9afb2c550,usdt,48,234.7502454090909,2277.506354,0.4583333333333333,0.0003119098523815735,0.01871459114289441,0.4491501874294659,192363.27272727274,0
0x6918f9577e043ec703477f4ee759b94c1292b7cc,usdt,14,10.8341025,10.848072,0.5714285714285714,0.0003756362338711192,0.022538174032267152,0.5409161767744116,159729.0,0
0xaf74d6bd61071d7855732060cb1ae67fd8515d7f,usdt,1116,88.37157049999999,101.595519,0.017921146953405017,1.2434419318213327e-05,0.0007460651590927997,0.01790556381822719,4825315.8,0
0xb71d09e487e2d1f4807ab04cf3466b58d97db9d2,usdt,40,62.24281825,78.560617,0.1,6.854267981315265e-05,0.004112560788789159,0.09870145893093983,875367.0,0
0xab5307f89362fc71c88f0ceaf05f4ca706be99be,usdt,1156,1215.3940973253966,110.568736,0.2179930795847751,0.00015128424111682348,0.00907705446700941,0.21784930720822585,396604.4285714286,0
0xa8bb7ebbd5f4f9c43e46baed1b8dc1a0e43c3268,usdt,155,1090.0929166623375,481.638717,0.4967741935483871,0.0003434479497941542,0.020606876987649254,0.4945650477035822,174698.96103896105,0
0xfc8029035b856da04ae76a6e0e868053004f4525,usdt,72,56640.291465500006,672.20471,0.6944444444444444,0.0004776662374039413,0.02865997424423648,0.6878393818616755,125610.72,0
0x0dc963633683a8900f9970c835b4f7c842dfe169,usdt,257,170.35627133333332,15.079395,0.023346303501945526,1.620870764191939e-05,0.0009725224585151635,0.023340539004363923,3701714.0,0
0xddf02f7c5af5f98a7c99b274c8313eac07733ad8,usdt,26,1666.62914,2494.94371,0.11538461538461539,8.003372087439509e-05,0.004802023252463704,0.11524855805912891,749684.0,0
0x905b812223a6073c7e8c96b1f82ff9b788fe16f5,usdt,10,527.2732764,300.0,0.5,0.0003270111183780249,0.01962066710268149,0.4708960104643558,183480.0,0
0x7951c7ef839e26f63da87a42c9a87986507f1c07,usdt,152,11299.045975687499,9856.660795,0.10526315789473684,7.279556820580762e-05,0.004367734092348458,0.10482561821636298,824226.0,0
0xcb13ffb15caea57af1378d409ce95fa4440632d1,usdt,1706,6926.633119499999,12254.508047,0.007033997655334115,4.8837533087598235e-06,0.00029302519852558945,0.007032604764614147,12285632.833333334,0
0x595c31c6108babc43caa81ab759a4aae91801a82,usdt,61,888.4709821469793,159.902487,18.18032786885246,0.01258845403795379,0.7553072422772276,18.12737381465346,4766.272317403066,0
0x7d6885662f179fe54066ca7a88246d433faee6ee,usdt,836,194.4504288,58.484399,0.005980861244019139,4.151710877843698e-06,0.00024910265267062194,0.0059784636640949265,14451873.4,0
0xc9078525659c3cabe2e5099c75d777ec6c258e64,usdt,688,1836.5460656666667,2677.22,0.02616279069767442,1.81604988567966e-05,0.0010896299314077959,0.026151118353787098,3303874.0,0
0x4a632115f33c7e81523ce76482e306dcdbfe8dba,usdt,28,34.693031833333336,0.24,0.21428571428571427,0.00014758332308449147,0.008854999385069487,0.21251998524166768,406550.0,0
0xbd0b2455b29c5f205d519c43cd98c10459d8e6b5,usdt,21,87.76702939669423,75.0,5.761904761904762,0.0038303988046623234,0.2298239282797394,5.515774278713746,15664.165289256198,0
0x22f9dcf4647084d6c31b2765f6910cd85c178c18,usdt,342,17658.667025979,0.444841,2.2280701754385963,0.0015435556147949602,0.09261333688769763,2.222720085304743,38871.291338582676,0
0x5ec9e8684159c642accda0e0ba7e8d4cad0e40f2,usdt,864,299.25191033333334,792.353211,0.003472222222222222,2.4093064763121805e-06,0.00014455838857873083,0.00346940132588954,24903432.0,0
0xc786846e1b65b77de9a87d48f440ba0f9007fac8,usdt,101,1025854.1541495685,0.989108,4.03960396039604,0.002792917489824334,0.16757504938946002,4.02180118534704,21482.91176470588,0
0xda3dd9f1fe8b0f1ad034e0cd1c9800693f08e095,usdt,227,38.18620322334998,0.819499,0.030837004405286344,2.1326742760484834e-05,0.0012796045656290902,0.030710509575098164,2813369.1428571427,0
0xc89e888e201451ffe954fcd1da5860bcee5dc32d,usdt,11,67.30773965217392,89.792255,2.090909090909091,0.0013386880856760374,0.08032128514056225,1.927710843373494,44820.0,0
0x564d6e3a879c007183fad17bed9a70630f090651,usdt,173,262.46990908333333,650.417977,1.1098265895953756,0.0007678458165600347,0.046070748993602084,1.10569797584645,78140.6875,0
0x7cb47e5d10f53c16b3d7753116f6f469a3a36cfc,usdt,132,2.381601695652174,0.5,0.3484848484848485,0.00024050376126969253,0.014430225676181551,0.3463254162283573,249476.34782608695,0
0x08baf37cfeaff1e8e2a8695ed9b7dc3cf96beb9d,usdt,37,549.0765525082569,553.925262,29.45945945945946,0.020312552411975833,1.21875314471855,29.2500754732452,2953.838532110092,0
0x07ea53c88fd1b0ad6af2914e22e1063a6e1d4229,usdt,262,668.9533763333334,0.0455,0.022900763358778626,1.5845324282484103e-05,0.0009507194569490461,0.02281726696677711,3786606.0,0
0xeeeeee9ec4769a09a76a83c7bc42b185872860ee,usdt,90,3749.385320536723,82.328026,11.8,0.008152123850872937,0.48912743105237627,11.73905834525703,7360.045197740113,0
0xa6ac1a33103ef3679c918fca334d59703521b9a3,usdt,70,1758.5491662857144,2087.0,0.1,6.873918585308275e-05,0.004124351151184966,0.09898442762843916,872864.5714285715,0
0x4859b7a4ee6ade9949c6790fa9d498543e8a84fb,usdt,12,55.685869125,303.22489,1.3333333333333333,0.0008561735463778508,0.05137041278267105,1.2328899067841053,70079.25,0
0x783c4b092fd879695bf1f1093fb34fa5bc5c150b,usdt,52,2180.4590527692308,1977.535873,0.25,0.00017130011516638513,0.010278006909983107,0.2466721658395946,350262.46153846156,0
0x114b15f5d08cb43fb41e6afa76dc92c722b03255,usdt,1087,363.4989942325581,224.924535,0.03955841766329347,2.7468585839266867e-05,0.001648115150356012,0.03955476360854429,2184313.395348837,0
0xd3e1b2d00766b8662cd4ba659f141d2315b301e9,usdt,91,5.235909609756098,4.0,0.45054945054945056,0.00030968311109164055,0.01858098666549843,0.4459436799719623,193746.43902439025,0
0xdf73c0f552003342c9c9a2975fccf5be1c210f34,usdt,640,293.20184,110.88,0.05,3.469860789185138e-05,0.002081916473511083,0.049965995364265985,1729176.0,0
0xd01e7a1dc9e7957995028334c215569e35386b0a,usdt,1534,4782.3644475,94.186685,0.007822685788787484,5.432235018405091e-06,0.0003259341011043055,0.007822418426503332,11045177.5,0
0x63e7b4eb1997e4b6a72bc250599c8813cf2a93c2,usdt,239,60.27162181818182,103.33884,0.09205020920502092,6.386971507139472e-05,0.0038321829042836835,0.09197238970280841,939412.3636363636,0
0xa1d8d972560c2f8144af871db508f0b0b10a3fbf,usdt,1336,2749520.16351225,1143.0,0.005988023952095809,4.1562452784945404e-06,0.0002493747167096724,0.005984993201032137,14436106.625,0
0xe1f563ff5904878d4e222f0f66c0c9a466c8a1d6,usdt,425,12.806367285714286,0.009947,0.03294117647058824,2.284825721654044e-05,0.0013708954329924264,0.032901490391818236,2626020.8571428573,0
0xaaaaaaaaa24eeeb8d57d431224f73832bc34f688,usdt,40,23.690390739064092,11.847355,49.15,0.034064643118283666,2.04387858709702,49.053086090328485,1761.3570701932858,0
0xb22e8dd046dfe1ffe42cf02c19525641db939d89,usdt,217,41062.289666902776,5000.0,0.9953917050691244,0.0006903565499814946,0.041421392998889674,0.9941134319733522,86911.61111111111,0
0xdd36f0bad582457f679e7caf4c10946cf3840c8d,usdt,218,14735.275696711113,20358.56,0.20642201834862386,0.00014270474325196836,0.008562284595118102,0.20549483028283444,420448.5333333333,0
0xc2e7df8c6727e1f3805cbb6ef9833ca57c2d769e,usdt,18,845.7402699884226,2.415374,38.388888888888886,0.02658469398747326,1.5950816392483957,38.281959341961496,2256.9377713458757,0
0xc78ee285bdd02640d98e38f6dc7da30bd36e78b2,usdt,307,1417.2603816666667,250.401145,0.019543973941368076,1.3534088986635087e-05,0.0008120453391981052,0.019489088140754528,4433250.0,0
0x5bb6052ff633fffeff86f91d95ad8dc337d6e6fb,usdt,29,171.65348345454547,510.0,1.5172413793103448,0.0010513990776362637,0.06308394465817582,1.5140146717962197,57066.818181818184,0
0x508b8a8b10c6f83cab4719d09f5c0f5d2b756bc7,usdt,136,135.4566208148148,59.3352,0.19852941176470587,0.00013702648468196153,0.00822158908091769,0.1973181379420246,437871.55555555556,0
0xe39e8dae2f0253e7bdd8130b54d9e9df2b84af01,usdt,119,828.5662139192865,19.5219,29.672268907563026,0.020511372745840216,1.230682364750413,29.53637675400991,2925.2064570943076,0
0x95ad61b0a150d79219dcf64e1e6cc01f0b64c4ce,usdt,459,28.052796363636364,18.71,0.023965141612200435,1.662430491514199e-05,0.0009974582949085194,0.023938999077804467,3609173.4545454546,0
0x2252e558977eb6ce96caef7cdbf7db78ccf0902b,usdt,407,780.0,200.0,0.02457002457002457,1.702434822282829e-05,0.0010214608933696973,0.024515061440872735,3524364.0,0
0x1687dfb15fb65435a85e747f8a0cd18a68b88836,usdt,347,3438.32874624,4976.50812,0.07204610951008646,4.989396700445437e-05,0.002993638020267262,0.07184731248641428,1202550.2,0
0x6b071d291038c4c953e7777a0d465a380d17b2f4,usdt,337,65.22867346153846,10.5,0.03857566765578635,2.677582414956893e-05,0.0016065494489741357,0.038557186775379254,2240827.3846153845,0
0x1dc0f287598c26f27ea7652ad8ea2bcb3d7cc720,usdt,41,708.4147725,34.66393,0.24390243902439024,0.00016848518341297067,0.010109111004778239,0.24261866411467775,356114.4,0
0x92943d01fa64dd0968737b50ee379fb306936591,usdt,151,1214.534,2002.0,0.13245033112582782,9.188381108320906e-05,0.005513028664992543,0.13231268795982104,652998.6,0
0xee61d31acef774a55e7dc798f22da6cc6c841a78,usdt,15,75.13036666666666,178.82751,0.2,0.0001380313055000874,0.008281878330005245,0.19876507992012588,434684.0,0
0x990cafad237032eb8ec695d8c9c51e6f7ad8d086,usdt,71,10272.237015083332,5000.0,6.084507042253521,0.004199148505997395,0.2519489103598437,6.046773848636248,14288.611111111111,0
0x34f51c9e53595789ff0baa6096a7eee883178193,usdt,18,20.114493083333333,77.226725,1.3333333333333333,0.0008786123781840547,0.05271674269104328,1.2652018245850387,68289.5,0
0xa88800cd213da5ae406ce248380802bd53b47647,usdt,456,16833.138987661816,2.736517,1.206140350877193,0.0008366141283134862,0.05019684769880918,1.2047243447714204,71717.65090909091,0
0x5e97df83de9d8023d23d1a0fea5ef2957ac0147e,usdt,303,31.39665015384615,23.091775,0.0429042904290429,2.970696591788355e-05,0.001782417955073013,0.04277803092175231,2019728.3076923077,0
0x9bcdb0b5ba39d2e10bdfed4662017bb53ddf375e,usdt,39,5114.452183904762,15488.425589,0.5384615384615384,0.0003691061654790822,0.022146369928744934,0.5315128782898784,162554.85714285713,0
0x66faa6507106bbbf861c9940408d31c97fd1d428,usdt,796,4108.037983871921,0.35643,8.160804020100503,0.005666892784063469,0.3400135670438082,8.160325609051396,10587.812807881774,0
0xa48241317345f6c721fbe37842cbb3bdd65dddb3,usdt,1282,4078.6999045766865,2000.594193,0.12714508580343215,8.829470106122648e-05,0.005297682063673589,0.1271443695281661,679542.4785276074,0
0x6744a98ece3b291434acaffac276b743dcdfacb5,usdt,91,5580.969822693642,2920.030527,1.901098901098901,0.0013123877263679178,0.07874326358207506,1.8898383259698015,45718.19653179191,0
0x1b59718eafa2bffe5318e07c1c3cb2edde354f9c,usdt,55,182.2191187875,4364.089688,2.909090909090909,0.002007618913777787,0.1204571348266672,2.890971235840013,29886.15,0
0xd5e99acfbc78bd362b11f7dd098db110f4370e4b,usdt,1998,1.211786368932039,0.45525,0.05155155155155155,3.578556649281367e-05,0.00214713398956882,0.05153121574965168,1676653.6310679612,0
0xe0f9279fda5272390eb96c48d52844fe6c5348c8,usdt,280,23.736597685950414,4.936524,0.43214285714285716,0.00029968060486938877,0.01798083629216333,0.4315400710119199,200213.15702479339,0
0x48b4f51d44279fc980279b529155a0e8a24f6b2e,usdt,12,135.21455114285715,133.750929,0.5833333333333334,0.00037678975131876413,0.02260738507912585,0.5425772418990203,159240.0,0
0xa4da11098cf36c5bad670608d5eae01787ab79d8,usdt,21,62619.5710646,75000.002649,0.47619047619047616,0.00032852374569633893,0.019711424741780337,0.4730741938027281,182635.2,0
0x420cafe478ebb83542a70089e5a65da67cc829ac,usdt,7,191.96762837500003,14.227348,18.285714285714285,0.011713459497053333,0.7028075698232,16.8673816757568,5122.3125,0
0xe3493abdd9a6e94ba085325ac491bec06bbd9a59,usdt,254,1925.5,3851.0,0.015748031496062992,1.092010035572227e-05,0.0006552060213433361,0.015724944512240067,5494455.0,0
0x2cbc47be6a393fd0cefc21340f28088ac4d6f713,usdt,98,411.76800000000003,115.2,0.10204081632653061,7.05875709405088e-05,0.004235254256430528,0.10164610215433266,850008.0,0
0x3451b6b219478037a1ac572706627fc2bda1e812,usdt,264,26200.204541097595,62268.715159,2.9886363636363638,0.002072463189481448,0.12434779136888689,2.9843469928532853,28951.057034220532,0
0x7244d575d2d62d22d5e5d3c47f6e92952fa8d9d8,usdt,699,254.35255822580646,30.838499,0.044349070100143065,3.079101522148871e-05,0.0018474609132893226,0.04433906191894374,1948620.3870967743,0
0x3c8999e6b8ae7eec906e0bf5de1e26ba4b03b0d8,usdt,45,5520.803375333332,13823.836608,0.3333333333333333,0.0002295726275964664,0.013774357655787986,0.33058458373891164,261355.2,0
0x2c5db37a032a704c5dbb1d29a343ed5ddf79f46c,usdt,456,47.35523972727273,17.616044,0.02412280701754386,1.672717341486462e-05,0.0010036304048918771,0.02408712971740505,3586977.8181818184,0
0xf9a521579c09ac3addc2fcf7b705284e15b5e579,usdt,486,7508.178041247088,52.696777,13.248971193415638,0.00919077240170484,0.5514463441022903,13.234712258454968,6528.287001087126,0
0xff7690b1963171db50ce9a1e3ac58cf25c8dfb4c,usdt,236,353.073872,396.433902,0.01694915254237288,1.1768146334546041e-05,0.0007060887800727625,0.0169461307217463,5098509.0,0
0x0cf3303f99e0b309dbf76b1415dd537d99c35c45,usdt,1231,748.0798832711865,19.902182,0.0958570268074736,6.652024695923548e-05,0.003991214817554129,0.09578915562129911,901981.0169491526,0
0xa9dbe3e5a6bd511d6ddd2ec6302a7c607fab5407,usdt,448,387.378852184466,712.867825,0.45982142857142855,0.00031913908050143876,0.019148344830086324,0.45956027592207177,188005.8058252427,0
0xbdb9ba26df9af8e111400ca9afaa64328adcc99c,usdt,388,310.2696565,1.537939,0.030927835051546393,2.145649552489025e-05,0.001287389731493415,0.030897353555841958,2796356.0,0
0x346f86e8e86418c16b51996f82c6df0d4fcb2e99,usdt,65,9.953277000000002,4.64,0.06153846153846154,4.209197095654004e-05,0.0025255182573924026,0.060612438177417655,1425450.0,0
0xb335ceda6fb4a10f3ea8c8111c11ed747f593460,usdt,13,95.03325188888888,100.032538,0.6923076923076923,0.0004594743613306378,0.027568461679838268,0.6616430803161184,130584.0,0
0x9060c1a7c23360fb61f3914cf6d9a338388f852a,usdt,296,57.22378509090909,0.21472,0.037162162162162164,2.575894034276251e-05,0.0015455364205657505,0.03709287409357802,2329288.3636363638,0
0x00000000005bbb0ef59571e58418f9a4357b68a0,usdt,18,62099.979179744,6375.542462,6.944444444444445,0.004596500775889331,0.27579004655335987,6.618961117280636,13053.408,0
0x2e1dee213ba8d7af0934c49a23187babeaca8764,usdt,101,1076.0632942282332,11.113312,11.712871287128714,0.008057079264496954,0.4834247558698172,11.602194140875612,7446.8672865595945,0
0x2b64056f4f7a0e8512866ae93b390bc83117cb3a,usdt,1768,22.050124166666674,0.000715,0.003393665158371041,2.3564246189190106e-06,0.00014138547713514064,0.0033932514512433755,25462304.0,0
0x4c22ab651f7747a152aaa9e9db6c8f98e8760b31,usdt,47,0.6014394,3.3e-05,0.6382978723404256,0.00044069947821181776,0.02644196869270907,0.6346072486250176,136147.2,0
0x678d94b6b8b6fa31d4869e5a1d36901e63f93eb9,usdt,1682,642.9799284166667,0.0,0.014268727705112961,9.907222439462537e-06,0.0005944333463677522,0.014266400312826054,6056187.833333333,0
0x50f02612ea1f79a84ef72d6912a5452f40a88edd,usdt,39,3338.631532599605,1175.934339,13.0,0.008991976390297888,0.5395185834178733,12.948446002028959,6672.615384615385,0
0x7b104cf5d40da07669c55ee1af98d5b1aee6a533,usdt,51,809.6636916262137,10.0,4.03921568627451,0.0027565682598560694,0.16539409559136417,3.9694582941927403,21766.194174757282,0
0xa356867fdcea8e71aeaf87805808803806231fdc,usdt,613,82702.45723631767,1159.056488,7.533442088091354,0.005225123861911902,0.3135074317147141,7.524178361153139,11482.981377219576,0
0x46095a40286234b47b8976b145fcc64813f8da05,usdt,653,80.16140065088756,676.05,0.25880551301684535,0.00017951040608015555,0.010770624364809333,0.258494984755424,334242.46153846156,0
0x4a51ff9fdf9fd835c7fadbabd46b5da6a5bb9540,usdt,1263,12489.665410000001,224.587289,0.00395882818685669,2.748648819213451e-06,0.00016491892915280706,0.00395805429966737,21828907.2,0
0xc2668551c5c38ebe23285c8e67a07495fdd27e60,usdt,13,129.53602641843972,67.5,10.846153846153847,0.007398002014775016,0.44388012088650103,10.653122901276024,8110.297872340426,0
0x7cf772f60a51563898af5f9cdbc0bcc6c626baaa,usdt,108,1550.6212598400903,121.593185,8.222222222222221,0.005677705797653726,0.3406623478592236,8.175896348621366,10567.648648648648,0
0x7ab0f48c06e19f263375d9625f441b91557dc4b0,usdt,103,145.75777073584905,0.0,0.5145631067961165,0.0003560282296798567,0.0213616937807914,0.5126806507389937,168525.96226415093,0
0x9577eb75a09db6c063bd0eac681554cf9e663ddf,usdt,187,0.7322176086956523,2.0,0.24598930481283424,0.00016995304123578028,0.010197182474146816,0.2447323793795236,353038.6956521739,0
0x04aa78aa957bcf2d9151d5121634d4d146653fee,usdt,225,1299.8195716736072,30.147924,15.795555555555556,0.01096870247101349,0.6581221482608095,15.794931558259426,5470.109172763084,0
0x89060a90f8c6734d2995ad51cf76a6aa49251fc4,usdt,516,2963.370551096774,1100.470078,0.18023255813953487,0.00012512950230749565,0.00750777013844974,0.18018648332279374,479503.22580645164,0
0x7073a776ba03a6ba739d56304f628264f619fc77,usdt,96,85.41829866666669,53.831125,0.96875,0.0006703842959955711,0.04022305775973427,0.9653533862336224,89500.90322580645,0
0xfcf35a9ba792353526c03dffa1b3ffd0087bbf68,usdt,312,692.2042651999999,10.0,0.08012820512820513,5.556029670087403e-05,0.003333617802052442,0.0800068272492586,1079907.84,0
0x96c195f6643a3d797cb90cb6ba0ae2776d51b5f3,usdt,275,1.7080511195548582,2.709478,18.78909090909091,0.013019901525498041,0.7811940915298825,18.74865819671718,4608.32978517515,0
0xbd73a25b5dfe8ab39856b797086ed6a276263e0e,usdt,74,119.36194717073174,203.0101,0.5540540540540541,0.0003845576648908231,0.02307345989344939,0.5537630374427853,156023.41463414635,0
0xf20cb3d4af3f23630775416d6b62df608d5a733b,usdt,94,1.7483974575471701,80.918491,2.25531914893617,0.0015658722573230381,0.09395233543938229,2.2548560505451745,38317.301886792455,0
0x6a8d93a406ce6f05c2ae107540d5d04b52b95221,usdt,643,458.22188159999996,78.749408,0.015552099533437015,1.0796769174792135e-05,0.000647806150487528,0.015547347611700676,5557218.0,0
0xdd9f479328504f1dfc3d8e769e9f9bce60a21419,usdt,18,5395.387888404763,3230.532217,2.3333333333333335,0.001582254637512997,0.09493527825077983,2.2784466780187156,37920.57142857143,0
0xe1b0b6dc8d5e216622f2115d5a61bc243d607467,usdt,614,6868.406087914285,10.0,0.057003257328990226,3.9541481499557585e-05,0.002372488889973455,0.05693973335936293,1517393.8285714285,0
0x147274bdda4c5ea0c086976b4f7d6117c75d7baa,usdt,709,87.0390472,118.067071,0.007052186177715092,4.891221197065737e-06,0.0002934732718239442,0.007043358523774661,12266875.2,0
0x7a75f008c92d94761ff156ef54d99133f3054be4,usdt,1244,194.90506376666664,62.933375,0.04823151125401929,3.3485334428080534e-05,0.0020091200656848322,0.04821888157643597,1791829.2,0
0x0f19ef1624e9c0d5d5c5ecebe2b4cdea108a01ac,usdt,55,20.797561694444447,30.0,0.6545454545454545,0.0004481714604413991,0.026890287626483947,0.6453669030356147,133877.33333333334,0
0x253cccad77a8862c9be13d11aa13d7cc5d2a3e45,usdt,339,696.1434782857143,1000.0,0.02064896755162242,1.4299552750845818e-05,0.0008579731650507492,0.02059135596121798,4195935.428571428,0
0xcb24c3c326af1d6880dad92ae435bf71aa0a781c,usdt,13,780.8828436603774,0.0,4.076923076923077,0.002722080696852658,0.1633248418111595,3.919796203467828,22041.962264150945,0
0x180cce684197475800febf5417768b999f6eabc7,usdt,397,146.55520879120886,1075.762,0.22921914357682618,0.00015896323826632944,0.009537794295979767,0.2289070631035144,377445.7582417582,0
0x0e2a79f44904c883416bb2d982691075f24e71a0,usdt,70,11.46584808695652,47.191511,0.9857142857142858,0.0006770493990941275,0.040622963945647655,0.9749511346955436,88619.82608695653,0
0x621b6978fdaffa917d9034677489b04bdd21babe,usdt,841,58.78658466666667,88.179877,0.0035671819262782403,2.4758807945926765e-06,0.0001485528476755606,0.0035652683442134537,24233800.0,0
0x77696bb39917c91a0c3908d577d5e322095425ca,usdt,147,1.23398727027027,6.158266,0.25170068027210885,0.00017371495535525646,0.010422897321315388,0.2501495357115693,345393.4054054054,0
0xd05c259ed797b344a0ceac33df445d0a9eb5b77c,usdt,146,272.8375305714286,125.924399,0.0958904109589041,6.653220824200996e-05,0.003991932494520597,0.09580637986849433,901818.8571428572,0
0xc55dd59a0c9dbcdb335d602b909eeccd42405cb5,usdt,401,170.23860357142857,250.0,0.017456359102244388,1.211016513421177e-05,0.0007266099080527062,0.017438637793264947,4954515.428571428,0
0x5418226af9c8d5d287a78fbbbcd337b86ec07d61,usdt,223,3005.467609669607,5241.144702,5.591928251121076,0.0038775406131178413,0.23265243678707048,5.583658482889692,15473.725741780272,0
0xd15e62e64c1265dfb753ed6e7c76cb5ff8f276c7,usdt,41,6083.781996452566,9.195854,15.682926829268293,0.010667701914877379,0.6400621148926428,15.361490757423425,5624.454121306377,0
0x4d5f5da93d6107ae323006cc3f1ead4e384dc991,usdt,84,2833.455083362637,958.271556,1.0833333333333333,0.0007468934158472726,0.044813604950836354,1.0755265188200727,80332.74725274726,0
0x2d25f4dcdf7c3dd0bb051bbe62f4fafcacdb7772,usdt,706,595.1704158076924,32.920437,0.07365439093484419,5.114680983576759e-05,0.0030688085901460554,0.07365140616350534,1173093.6923076923,0
0xc9ff52d9413fadb6ad584b50fd8f780d9228269c,usdt,232,69230.76923076923,90000.0,0.05603448275862069,3.885129279171045e-05,0.002331077567502627,0.05594586162006304,1544350.1538461538,0
0xe555302a3d0fff39c3bc2388298dff385c60494b,usdt,365,7460.545707467858,4.389717,0.7671232876712328,0.000532489059251579,0.03194934355509474,0.7667842453222737,112678.37142857142,0
0xc5fd170841c9dfbb5e8c976cefe4bc1c60a64567,usdt,7,838.6068217894735,0.0,16.285714285714285,0.010971243792585749,0.6582746275551449,15.798591061323478,5468.8421052631575,0
0xc6e2b867af11a237a9d62048589788d831eb6eed,usdt,77,228.1633982857143,386.188079,0.09090909090909091,6.279479915532024e-05,0.0037676879493192144,0.09042451078366115,955493.1428571428,0
0x871962bfe8707c24af7728e5e00ae2d7db9a5e70,usdt,96,1015.7,20.0,0.10416666666666667,7.187956435233637e-05,0.004312773861140182,0.10350657266736438,834729.6,0
0x4bcc65e69fd0a6712064ca5dcd9dc31c03ca4198,usdt,709,732.1649801014494,105.0,0.09732016925246827,6.753019186795558e-05,0.004051811512077335,0.09724347628985602,888491.4782608695,0
0x11918f1cb6db5e008a692f47c5320216fba6054b,usdt,96,3691.0207128713378,8320.0,24.53125,0.01700137599246886,1.0200825595481315,24.48198142915516,3529.1261146496813,0
0xb3c3713cf47dac5924e6548018146fbe2461069b,usdt,75,251.15422429973123,6.66,29.76,0.02063083015059027,1.2378498090354162,29.70839541684999,2908.2688172043013,0
0xbadc0de76438f9524d42c219b390636196bfbdfc,usdt,92,2904.5407826428573,41.756066,2.130434782608696,0.0014746710204572985,0.0884802612274379,2.12352626945851,40687.04081632653,0
0x509b52749c2991b7472b3ee5876f5e0bca8f2429,usdt,100,1334.7218081031804,198.4,28.3,0.01947086044690785,1.168251626814471,28.038039043547304,3081.5279151943464,0
0x55d03bb57f44d74fe6afdc0fe33d925916486f06,usdt,11,1263.1931223493975,1272.43206,15.090909090909092,0.009724207418515828,0.5834524451109497,14.002858682662794,6170.168674698795,0
0xc80336fb51d0372381362339200a70e2dc58c3f3,usdt,360,12094.323766208614,1475.782455,1.95,0.001352123874578376,0.08112743247470257,1.9470583793928617,44374.63247863248,0
0xce1cc26f65f1a2eab99f9bdd70aa12dbecb82d25,usdt,19,1024.762507857143,592.311427,2.210526315789474,0.0015254089548769505,0.09152453729261703,2.1965888950228085,39333.71428571428,0
0x4429f8362093602ad2c3697e901a9f0eeb1cf036,usdt,1869,311.74263950943396,28.455031,0.02835741037988229,1.9688351718559695e-05,0.0011813011031135815,0.02835122647472596,3047487.2075471696,0
0xe27baebd7b14602de3797974db9f5f4f8dcb6679,usdt,191,1020.4291222835596,0.284807,3.4712041884816753,0.0024059519549901914,0.14435711729941147,3.4645708151858754,24938.153846153848,0
0x23d3c3f881d6d52d496d9b731120409ce8c15337,usdt,11,23.619047866666666,58.250468,1.3636363636363635,0.0008754625360398744,0.052527752162392465,1.260666051897419,68535.2,0
0x9af1b56acb3f0af84be68ce1a5284acc0615fadd,usdt,29,514.936059632199,10.321299,26.344827586206897,0.0178230664072524,1.0693839844351443,25.66521562644346,3366.4240837696334,0
0x5e18824bb0e73bb9bd78e7b2d38a3289bccdee1d,usdt,28,517.5339487616279,2.180952,36.857142857142854,0.024779815015799532,1.486788900947972,35.68293362275133,2421.3255813953488,0
0xe187a2100d371f4ff7de77b1eec6bf3cbcae7425,usdt,243,515.2296248888888,31.0,0.037037037037037035,2.5699497489159093e-05,0.0015419698493495458,0.037007276384389096,2334676.0,0
0x5cac5c3cc4166e28bb8f5e1853903483e12f2fd3,usdt,479,1229.2878213127706,939.849683,3.8580375782881,0.0026782608695652176,0.16069565217391305,3.856695652173913,22402.597402597403,0
0x037ac478992e23340fbd4114f218943037916300,usdt,254,275.6459073333333,24.584767,0.03543307086614173,2.4527972790302183e-05,0.0014716783674181312,0.03532028081803515,2446186.6666666665,0
0x68a47fe1cf42eba4a030a10cd4d6a1031ca3ca0a,usdt,451,132.70973949999998,30.838938,0.008869179600886918,6.151132085104602e-06,0.0003690679251062762,0.008857630202550627,9754302.0,0
0x4c9fad010d8be90aba505c85eacc483dff9b8fa9,usdt,220,2185.502274052941,12.769009,4.636363636363637,0.0032150509774700577,0.19290305864820345,4.629673407556883,18662.223529411764,0
0xea51075ccbd58174834da36372b0ed52199c483c,usdt,103,10689.179773078125,11.224714,3.7281553398058254,0.0025764065569546875,0.15458439341728125,3.71002544201475,23288.25,0
0x9d35ef89e95d1dfb4900977448a918493eb016ef,usdt,18,73.77065436363635,200.8284,0.6111111111111112,0.00040973531098910105,0.024584118659346062,0.5900188478243055,146436.0,0
0xbc9cd1c1f720553797b209e0ce634c82b2af0552,usdt,95,1409.426155,181.36462,0.08421052631578947,5.795975853964593e-05,0.0034775855123787554,0.08346205229709014,1035201.0,0
0x98ca924d9a32837cb5c123a9b9e88fb593f3e427,usdt,90,19732.136051022793,1686.403002,27.3,0.01885399624915207,1.131239774949124,27.14975459877898,3182.3492063492063,0
0xa43facb18dd02f3c7284dd6bcac33489d0c71b33,usdt,62,212.3555472,232.0,0.08064516129032258,5.525545702893618e-05,0.0033153274217361706,0.0795678581216681,1085865.6,0
0x4ef84859f022504c1a40b1312373686aa2e8ed63,usdt,130,14.124929,18.481935,0.8,0.0005538213138132621,0.03322927882879573,0.7975026918910975,108338.19230769231,0
0x1b9970c9c7b6e90b4fdb091d7d282a778ed388b8,usdt,226,1033.971754,1643.618131,0.11504424778761062,7.973928932665078e-05,0.004784357359599046,0.11482457663037711,752452.1538461539,0
0xad16edcf7deb7e90096a259c81269d811544b6b6,usdt,654,3697.2243597790057,35.37201,0.27675840978593275,0.00019216016262907379,0.011529609757744426,0.2767106341858662,312239.5359116022,0
0x412f30e9f8b4a1e99eae90209a6b00f5c3cc8739,usdt,171,169115.86091158332,9980.00000001,0.14035087719298245,9.697236126083463e-05,0.005818341675650079,0.1396402002156019,618733.0,0
0x44baf4fc3c45e83387ba163767b14bcb3a5f3ccc,usdt,381,254.20144704225362,150.674725,0.18635170603674542,0.00012936756751438257,0.0077620540508629545,0.18628929722071091,463794.76056338026,0
0xf6a71cc8f683072752df49c673305f41876a1951,usdt,104,248.596399815625,300.0003,3.076923076923077,0.002117783157535271,0.12706698945211625,3.0496077468507905,28331.5125,0
0x6b2ea72ba8a7346cedd2dd5dc1476ea8df0b57d7,usdt,1667,13960.211663061727,1068.366124,0.09718056388722256,6.746565295497373e-05,0.004047939177298425,0.09715054025516218,889341.425925926,0
0x53a1f685d66c14962e7ebbc58e5f30b17b0c06df,usdt,80,14.897234755319149,0.052635,11.75,0.008094460633365712,0.4856676380019427,11.656023312046624,7412.476595744681,0
0x10d8b8daa26d307489803e10477de69c0492b610,usdt,9,13833.000759577397,100.0,45.22222222222222,0.029889548205158337,1.7933728923095,43.040949415428,2007.3906633906633,0
0x7945e45c2f39be3a0cbf467f3fae982c17cb4bf7,usdt,31,17884.910066666667,59.0,1.1612903225806452,0.0008047318231199453,0.04828390938719671,1.1588138252927211,74559.0,0
0x4a9f8e9e09d7da789216e0d677b4df9d81146e9f,usdt,20,103.52751057142856,73.208762,0.35,0.000231673010094324,0.013900380605659441,0.3336091345358266,258985.7142857143,0
0xb39267f3b8a879ac6d7d20bf9f4b96b22579a44c,usdt,263,169.3347885526316,0.0,0.1444866920152091,0.00010019907975055702,0.006011944785033422,0.14428667484080213,598807.8947368421,0
0x826b97a3773ca3ab5488ccbc90ab14fc5336da51,usdt,399,150.98140942857142,502.967902,0.017543859649122806,1.2155143388148978e-05,0.0007293086032889387,0.017503406478934527,4936182.0,0
0xdb57fdf5fd24a9d0e1ea94552eb2c7bdcb28fa27,usdt,100,44915.21590828687,67993.776279,3.73,0.002573880017168401,0.15443280103010404,3.706387224722497,23311.109919571045,0
0x4f7e79fc4a71ff4a99a28ddadf7964dd92d25a40,usdt,38,7541.618293954068,13322.323212,40.10526315789474,0.02748878082567351,1.6493268495404108,39.58384438896985,2182.7086614173227,0
0x0aa01049db0467031621dda0c755dbe1091910c1,usdt,55,29276.356502905408,1162.662259,1.3454545454545455,0.0009307660959645001,0.05584596575787001,1.3403031781888801,64463.02702702703,0
0xf956f48e651280b0d57feeabc56810fc8c5dc94f,usdt,736,370.01931247619046,1452.912781,0.028532608695652172,1.9804572253303875e-05,0.0011882743351982322,0.02851858404475758,3029603.4285714286,0
0xa6e0bfe464392b0c4ad44ba3d68ab513c6963b37,usdt,2057,36.7377347,1.410633,0.21390374331550802,0.00014848980134921883,0.00890938808095313,0.2138253139428751,404068.15454545454,0
0x069d8b37972b853c29c44422832f662510397581,usdt,970,685.2946602807017,432.452429,0.058762886597938144,4.079124714300252e-05,0.002447474828580151,0.058739395885923626,1470903.7894736843,0
0x8b0b1b658746806d41281e9d90763143828a70e3,usdt,34,11386.0,24.9525,0.17647058823529413,0.00012014513532347075,0.007208708119408245,0.1730089948657979,499396.0,0
0x9b2ba4eeec3c4bbddd02a277a4ac17a025b0e410,usdt,15,2777.6381111111114,398.743,1.2,0.000785964422010497,0.04715786532062982,1.1317887676951157,76339.33333333333,0
0x1854a2320ad9faebc553889d3e576eb4674c8073,usdt,15,105.21331145454546,371.579791,2.2,0.0014357064545881698,0.0861423872752902,2.0674172946069644,41791.27272727273,0
0xec27360ee23deda950ca0e1f7735051a113c5cf9,usdt,419,104.2903972238676,144.296816,2.739856801909308,0.0019006773563763422,0.11404064138258053,2.7369753931819325,31567.69337979094,0
0x95ea7f11d0de2517bd73a743e5dbf870e40737ea,usdt,82,396.8245978260869,130.0,0.2804878048780488,0.00019418459356320287,0.011651075613792172,0.2796258147310121,308984.347826087,0
0xb14df49eceaa453fff9eec92f07536c66f0e6434,usdt,68,0.19791868985507247,0.072373,5.073529411764706,0.0034878501498259106,0.20927100898955467,5.022504215749311,17202.573913043478,0
0x2a4a36b59c47f9ed95b562ebeaefa8c19ef04902,usdt,164,42.64101807116655,235.180925,8.310975609756097,0.0057384158099039245,0.3443049485942355,8.263318766261651,10455.84739545121,0
0x296b6b51345a33b25f83cdabec88cd8902f3a7b8,usdt,796,9.874072,4.607871,0.010050251256281407,6.972985260503756e-06,0.00041837911563022537,0.01004109877512541,8604636.0,0
0x87b30b6a047bf1ade368ee456d189e15bc2b0a56,usdt,39,2.181,4.4325,0.1282051282051282,8.805452336086504e-05,0.005283271401651903,0.12679851363964567,681396.0,0
0x8f4f1fa498675458f60fd7595dd0d5e66ee48411,usdt,502,7.606930068965518,0.905329,0.17330677290836655,0.00012034589901291465,0.007220753940774879,0.17329809457859707,498562.8965517241,0
0x9f78ac96d6de36716fbfa85b7d4294c155d49315,usdt,49,366.01936263636367,361.679559,0.22448979591836735,0.00015557290429154928,0.009334374257492957,0.22402498217983097,385671.2727272727,0
0x2bf3fdb5faeb7579021de8bc24b28ca640370cd8,usdt,14,150.36492500000003,150.2,0.2857142857142857,0.00018628044521026404,0.011176826712615844,0.2682438411027802,322095.0,0
0x3c132493e359d1cda7de1196869387a4d6daaea1,usdt,146,6799.960221333335,376.585068,0.0410958904109589,2.8499392962929892e-05,0.0017099635777757932,0.041039125866619036,2105308.0,0
0xf01101e43c0a4ba64641132b93934c19a23dcf51,usdt,1823,1050.621703448718,917.0,0.08557323093801426,5.9420793152429054e-05,0.003565247589145743,0.08556594213949784,1009747.5448717949,0
0xc820d1eb1189ecd50e9be5ae8f813d017fc9c5dd,usdt,58,156.5364823333333,0.0,0.15517241379310345,0.00010764597392096872,0.006458758435258123,0.15501020244619496,557382.6666666666,0
0x6d3ace38280bcd5abf063bb3f941bd3af06df546,usdt,72,623.3489103060685,184.791907,21.055555555555557,0.014486549296313002,0.86919295777878,20.86063098669072,4141.77308707124,0
0xfbc57ce413631dd910457f4476afac4d8590da00,usdt,2052,373.9774165494711,10.503716,0.7831384015594542,0.0005437827204417433,0.032626963226504595,0.7830471174361104,110338.1879278158,0
0xe8fc77d0aa057948adc36a30b0430065e1bc058a,usdt,27,1.0711387142857143,1.574,0.25925925925925924,0.00017637839717391413,0.010582703830434848,0.2539848919304364,340177.71428571426,0
0x56718d5072a01c5bb38de657e4e872c87e69c9df,usdt,206,403.47084724117644,202.462497,0.8252427184466019,0.0005719368743178812,0.034316212459072876,0.8235890990177488,104906.68235294118,0
0x8df652a22d46eb71fbaf618f2943e281bc712218,usdt,2039,412.29989051675255,1.562926,0.3805787150564002,0.00026418857930588505,0.0158513147583531,0.3804315542004744,227110.49871134022,0
0xddfabcdc4d8ffc6d5beaf154f18b778f892a0740,usdt,1103,128.32351584615384,927.6,0.05893019038984588,4.092341095497046e-05,0.0024554046572982276,0.05892971177515746,1466153.446153846,0
0x5f455cb2c9aa1bc993b590c15d7968c002b13c36,usdt,20,56.502617599999994,0.0005,1.0,0.0006621025729305984,0.039726154375835904,0.9534277050200617,90620.4,0
0xc6bddcd02917431b94d663234460972c555bd3f4,usdt,83,1990.2773604417478,0.0,2.4819277108433737,0.0017225088424907813,0.10335053054944687,2.480412733186725,34832.912621359224,0
0xedc6531b10297788cbb0fcfaee904a3803d3e2e4,usdt,58,36.274463420227924,0.039345,12.10344827586207,0.008342503749373124,0.5005502249623874,12.013205399097298,7192.08547008547,0
0xe448d9d70efe95714e38d210e58d458dab0a77d5,usdt,1244,293.2998061666667,5.0,0.028938906752411574,2.0081592813184686e-05,0.0012048955687910814,0.02891749365098595,2987810.8055555555,0
0x8eccc95d5348573d6ae7073f968a51e07e36f887,usdt,1203,9.87551,14.813265,0.0024937655860349127,1.7315829415530728e-06,0.00010389497649318439,0.002493479435836425,34650376.0,0
0x65b624ee91479a65ca073ca88766adca81383332,usdt,394,80.75099770731707,70.014002,0.10406091370558376,7.217191702693949e-05,0.00433031502161637,0.10392756051879287,831348.2926829269,0
0xcdcdaaab61a39c5d89f13251728536efef605ed9,usdt,510,181.6818181818182,0.102,0.021568627450980392,1.4954466368900585e-05,0.000897267982134035,0.02153443157121684,4012179.272727273,0
0xf7bfb01e207b7aaab7ad368628b71236e0e2f89c,usdt,70,1551.9786013043479,0.0,0.6571428571428571,0.0004514929694692602,0.027089578168155614,0.6501498760357347,132892.4347826087,0
0xadacdd97b78c62d3bc261d9aa996f6349ebdbecb,usdt,103,1794.7946423508772,103.100007,16.601941747572816,0.011495535564229121,0.6897321338537472,16.55357121248993,5219.417543859649,0
0x875d6d37ec55c8cf220b9e5080717549d8aa8eca,usdt,51,13073.497455381295,107.284681,2.7254901960784315,0.0018681088287629624,0.11208652972577776,2.690076713418666,32118.043165467625,0
0xb1000058c87d843fc0154591ff9d72af5e7213d5,usdt,103,35.12950166666667,14.335184,0.05825242718446602,4.036891808608268e-05,0.002422135085164961,0.05813124204395906,1486292.0,0
0xb8e71cf0c937a3a978365ee746b2dd34114dcf22,usdt,634,64.711450721519,130.852415,0.12460567823343849,8.641094859532987e-05,0.005184656915719793,0.12443176597727502,694356.4556962026,0
0x1f0deef5cb772a07c3b0a145466f220f3b7612cd,usdt,123,3959.816564940566,743.05125,0.8617886178861789,0.00059587787426752,0.035752672456051196,0.8580641389452287,100691.77358490566,0
0x013ecce73a32e0c66f6c143e12843bb140a5804f,usdt,12,38.43230661538461,110.88,1.0833333333333333,0.0007385272630179633,0.044311635781077795,1.063479258745867,81242.76923076923,0
0xd09c6719318e7e3610bd30d1995375c139f39f59,usdt,69,986.3836734285713,578.925414,0.2028985507246377,0.00013947279284305325,0.008368367570583195,0.2008408216939967,430191.4285714286,0
0x44f892a3f275cdaf2518279fd30fcd114ebf7347,usdt,240,1189.66750775,0.975389,0.03333333333333333,2.309747538819638e-05,0.001385848523291783,0.03326036455900279,2597686.5,0
0xf9a9e5bd0a5403a5da4c3575f5c654e78c6f7f7c,usdt,20,450.9634595,117.427638,0.4,0.00027324830756829497,0.016394898454097702,0.3934775628983448,219580.5,0
0xbbe1b55415b23124704c1c823769da32b869fa7a,usdt,8,221.0672727272727,0.0,1.375,0.0008743760134812884,0.0524625608088773,1.2591014594130552,68620.36363636363,0
0xa9919db56ca77c945c33e3de06119e23b93f7992,usdt,256,323.23760472727264,144.140807,0.0859375,5.962269673457331e-05,0.003577361804074398,0.08585668329778555,1006328.1818181818,0
0x182dbccd5b62686b59dd397b8c57fb00daf82ef5,usdt,155,1199024.6723076964,949729.222877,7.032258064516129,0.004855354966538141,0.29132129799228845,6.991711151814924,12357.48990825688,0
0x7eea5218bd4bce28755b67de7578660e91208ce6,usdt,43,33.33333333333333,0.02,0.06976744186046512,4.7586718864009844e-05,0.0028552031318405907,0.06852487516417419,1260856.0,0
0xfbbfa5052b6a754929988f97fbe69a3e7fc01b25,usdt,345,1368.2966079999997,1671.174229,0.2,0.00013885585192894927,0.008331351115736957,0.19995242677768693,432102.7826086957,0
0x7b1044f7ae5d337b9c94d4533c20f041aee6a533,usdt,316,599.7241786556466,8500.766434,10.816455696202532,0.007492498732982953,0.4495499239789772,10.789198175495452,8008.009362200117,0
0x4cbeee256240c92a9ad920ea6f4d7df6466d2cdc,usdt,664,0.0200052,0.050013,0.007530120481927711,5.226140317686618e-06,0.00031356841906119706,0.0075256420574687285,11480748.0,0
0x7f72d8e4d53a9acc52e40c01d504c9ed7099b512,usdt,459,23569.96155207207,60033.196717,0.24183006535947713,0.00016762773233203703,0.01005766393992222,0.24138393455813328,357936.0,0
0x3ce45354361113480e64909e38ad09a50afef3ed,usdt,570,1028.9841666666669,28.000001,0.08421052631578947,5.841694461367779e-05,0.0035050166768206678,0.08412040024369602,1027099.25,0
0xf081470f5c6fbccf48cc4e5b82dd926409dcdd67,usdt,281,44730.54626534327,0.004252,0.23843416370106763,0.0001651092185158899,0.009906553110953394,0.23775727466288146,363395.82089552237,0
0xae7ab96520de3a18e5e111b5eaab095312d7fe84,usdt,165,0.2500525,0.0001,0.024242424242424242,1.6738222568145488e-05,0.0010042933540887293,0.024103040498129502,3584610.0,0
0x1b7dfb2af0620b384b4f4a32ae721635cf1b43df,usdt,23,888.5559336,659.889697,0.21739130434782608,0.00015076861841668826,0.009046117105001297,0.2171068105200311,397960.8,0
0x9938ee74ba7a5c1abcd157272a18fcfc9ec9e8d5,usdt,44,43053.91405888,34982.0,1.2272727272727273,0.0008517806948637625,0.05110684169182575,1.226564200603818,70440.66666666667,0
0x8bb88a3eafd6ba0b6cce254c0c447c4cf5860afe,usdt,7,785.6796498152173,2246.547837,13.142857142857142,0.00909342505831653,0.5456055034989918,13.094532083975805,6598.173913043478,0
0x6e4141d33021b52c91c28608403db4a0ffb50ec6,usdt,100,66542.93721044775,0.004252,15.41,0.01065508367110156,0.6393050202660936,15.343320486386245,5631.114860480207,0
0x2b8364073d7312c4ee49881b7338913b725393b1,usdt,206,103.4286412868048,7.7995,22.25728155339806,0.015432067600870524,0.9259240560522314,22.222177345253556,3888.0078516902945,0
0x8497e42e224721b6e441b20cc96d226a85005184,usdt,602,631.1023855,496.023342,0.006644518272425249,4.609174284863564e-06,0.00027655045709181386,0.006637210970203531,13017516.0,0
0x0e67fd506db5c6199c5d2b2b54380deb414e2431,usdt,199,6212.997185632856,6680.591772,25.90954773869347,0.017971543893648613,1.078292633618917,25.879023206854004,3338.611326609775,0
0x2b22d1a731175a04142fe1bc3c5bbb2b2d813d2f,usdt,234,1295.2799942162164,0.0,0.1581196581196581,0.00010969782104549731,0.006581869262729839,0.15796486230551615,546957.0810810811,0
0xbaa17c9a086e5e8a2bb37a5ddd2a0ed362236791,usdt,95,163.4368463786611,0.001,5.031578947368421,0.0034652044180631396,0.20791226508378835,4.98989436201092,17314.995815899583,0
0x7ffb7f7ad540a8561defa6d19f6d0eeee4901bb7,usdt,53,3119.1865261747307,0.355857,14.037735849056604,0.009636032544922821,0.5781619526953693,13.875886864688864,6226.629032258064,0
0x675e4fdba65ed20b1a7a5a3edff0e562e2e6c4fa,usdt,375,3660.0529381,980.0,0.05333333333333334,3.694688094585e-05,0.0022168128567510003,0.05320350856202401,1623953.05,0
0xc707bbf485d1a7261d499de6b6a0fd60fdb9ed04,usdt,431,37646.65579550189,7245.880332,1.8445475638051043,0.001280665907610345,0.0768399544566207,1.844158906958897,46850.62641509434,0
0x096501097213216a36f33b3d7e0ff4c2e0347a64,usdt,115,6884.042628770349,130.694961,44.869565217391305,0.03107392945495364,1.8644357672972185,44.74645841513324,1930.879069767442,0
0x7cd4e30fe26470d5d55b1d288e1f34f7903482c4,usdt,613,227.4944359387755,245.02,0.1598694942903752,0.00011101062258381981,0.006660637355029189,0.15985529652070052,540488.8163265307,0
0x60b6757214d329f3ff19c803b5d2c215d2ebde3d,usdt,150,5.953325188034188,0.110663,3.12,0.0021639857287915525,0.12983914372749317,3.116139449459836,27726.615384615383,0
0x5fe8be3c63cdbe2671121cde58295e6e79cd9552,usdt,1362,1944.5418369666663,906.944145,0.06607929515418502,4.587162470745265e-05,0.002752297482447159,0.06605513957873183,1307998.1444444444,0
0x4f4495243837681061c4743b74b3eedf548d56a5,usdt,35,6862.437583454023,84.580105,4.9714285714285715,0.0034302747374065543,0.20581648424439328,4.939595621865438,17491.310344827587,0
0x1985ea6e9c68e1c272d8209f3b478ac2fdb25c87,usdt,590,177.74475500000003,0.0005,0.015254237288135594,1.0578861178541556e-05,0.0006347316707124934,0.01523356009709984,5671688.0,0
0xfb94effc53488bc7ac9fc1fc76e36c9efe7993a4,usdt,126,1502.5288731818182,15.016664,0.2619047619047619,0.0001804635616726019,0.010827813700356115,0.25986752880854674,332477.0909090909,0
0x2e64071209c8a3642be74febd001e09f727f8eee,usdt,673,58.13247856823266,16.406821,1.3283803863298662,0.0009219490704608342,0.05531694422765006,1.3276066614636013,65079.51677852349,0
0x8d8404f8cca4c8834ca3cab1e54887ae47724bee,usdt,417,38529.183618294854,0.120001,3.6354916067146283,0.0025207915418464697,0.15124749251078817,3.6299398202589166,23802.047493403694,0
0x77965de5f5fa42b6014a09e2c56cefeb989c4ab4,usdt,54,142.91037514285713,130.144506,0.12962962962962962,8.925406552268455e-05,0.005355243931361073,0.12852585435266578,672238.2857142857,0
0xee08b1b459d35e10589fd4ff3bbe2e874836f87c,usdt,51,1507.8206484375,0.0001,2.5098039215686274,0.0017136675699122815,0.10282005419473689,2.4676813006736857,35012.625,0
0xec00a628ef783a8a9dee5325435e084e8b988cda,usdt,304,6187.1054686063,0.0,0.8355263157894737,0.0005790197878872708,0.034741187273236246,0.8337884945576699,103623.40157480315,0
0x092c531b4685fb44ba743042e6d81367b955bacc,usdt,736,1639.0742124,3606.9297,0.006793478260869565,4.7144353369934955e-06,0.0002828661202196097,0.006788786885270633,12726868.8,0
0x2ecba8e35f659df6f5d6614d63276aa58d7d5422,usdt,27,77090.59877849999,9.995004,16.444444444444443,0.011240563243358193,0.6744337946014917,16.1864110704358,5337.810810810811,0
0x8a0c17db41577f792625db42618819be88ccdfb9,usdt,1068,610.43200215,0.024925,0.018726591760299626,1.2998539484103567e-05,0.000779912369046214,0.018717896857109135,4615903.2,0
0xf955c57f9ea9dc8781965feae0b6a2ace2bad6f3,usdt,239,11789.981001948121,9000.0,14.03347280334728,0.009723272307285554,0.5833963384371332,14.0015121224912,6170.762075134168,0
0x33fbbf58a08a51a3a7db3a7ef33cb9c316aa39ec,usdt,113,7172.685190074075,1368.984076,0.23893805309734514,0.0001647118823151902,0.009882712938911412,0.2371851105338739,364272.44444444444,0
0x62f9137c0f29570f43b746c1e0f8ae3f12be39b8,usdt,780,120.99646768421053,12.5,0.02435897435897436,1.690424545676161e-05,0.0010142547274056965,0.02434211345773672,3549404.210526316,0
0xa5025faba6e70b84f74e9b1113e5f7f4e7f4859f,usdt,55,3955.334248217095,129.675,34.67272727272727,0.023873250192162764,1.432395011529766,34.37748027671438,2513.273203985317,0
0x74dec05e5b894b0efec69cdf6316971802a2f9a1,usdt,26,1743.631203681818,99.56,33.0,0.02280701754385965,1.368421052631579,32.8421052631579,2630.769230769231,0
0xbc7310f7949ff9f18e2b95e84811206e4390f9bb,usdt,76,148.0,120.0,0.06578947368421052,4.5113487489127644e-05,0.002706809249347659,0.06496342198434382,1329979.2,0
0xb5d957d6e4129c739a0b87ffb7ff33c7cea8816f,usdt,120,6631.455569586768,74.854537,42.45,0.029373469771389757,1.7624081862833854,42.297796470801245,2042.6595995288574,0
0xe3e4766d81185b1d691222d92c36e72cd204954a,usdt,140,0.757178,0.118944,0.2,0.00013878149844366464,0.008326889906619877,0.19984535775887707,432334.28571428574,0
0x2747b405f2ce9474817828ddc395c46db848e203,usdt,37,7594.866987104418,4133.185564,40.37837837837838,0.02734951360336249,1.6409708162017493,39.383299588841986,2193.8232931726907,0
0xc733434bf8db449ca95087f1ba5d4b887e3b6651,usdt,637,870.3994586123863,2.819826,7.934065934065934,0.005507403611174254,0.3304442166704552,7.930661200090925,10894.42580134547,0
0xa57a85430cb4eee859b60cf6854a4c0a5bb9fbfa,usdt,127,813.0144256666666,4873.057022,0.09448818897637795,6.551241078028557e-05,0.0039307446468171345,0.09433787152361121,915857.0,0
0x0db4f195888367e88a6a19de365092d0f8c5117d,usdt,91,663044434737028.9,1506508.3702,50.02197802197802,0.03470988423430087,2.082593054058052,49.98223329739325,1728.6142355008787,0
0x0375da95de2b17d0b3f4a345e3712831de93b801,usdt,29,10.0,10.0,0.10344827586206896,6.993985172751433e-05,0.00419639110365086,0.10071338648762064,857880.0,0
0x899efd55ad3b930b2cf196e9b57122b3303b6dee,usdt,100,1604.0106729411764,1.099514,0.17,0.00011784872013979169,0.007070923208387501,0.16970215700130004,509127.29411764705,0
0xa969dda12e648110efad9f6a2097cbdb48b5024e,usdt,1113,167.263396,0.0,0.014375561545372867,9.976142056272425e-06,0.0005985685233763455,0.01436564456103229,6014349.0,0
0x957e96d9e58254348acddbe4bba33e863a6a6945,usdt,1845,16842.304657386474,6696.994263,0.11219512195121951,7.79082378332753e-05,0.004674494269996519,0.11218786247991644,770136.7874396135,0
0x418340b636a908e69e98bb0c36ec4610980dce87,usdt,112,420.91368366666666,1098.000762,0.05357142857142857,3.7145998633027255e-05,0.002228759917981635,0.05349023803155924,1615248.0,0
0x5b8d37738730401010dcb7badd88d1ccf29ba066,usdt,51,3763.9224170619946,100.0,29.098039215686274,0.020051181857733892,1.2030709114640334,28.873701875136803,2992.342318059299,0
0x49d3fc00f3acf80fabcb42d7681667b20f60889a,usdt,506,460.31500639999996,2287.299275,0.019762845849802372,1.3706159136731273e-05,0.0008223695482038764,0.019736869156893034,4377594.0,0
0x95d0acb18fd2971898fedf3013fc019a2420e94c,usdt,1106,239.93848958333334,165.0,0.0433996383363472,3.011611645149329e-05,0.0018069669870895975,0.04336720769015034,1992288.75,0
0xd9e9c362e652a12d301ba387637197ce7bef43fc,usdt,161,4.399693181818182,0.023403,0.13664596273291926,9.470063836839409e-05,0.005682038302103645,0.1363689192504875,633575.4545454546,0
0xe251ede329ea0436c0cd0e1dcb3fba290a0f9d63,usdt,493,30.4784595,47.956919,0.008113590263691683,5.6289302246252754e-06,0.0003377358134775165,0.008105659523460396,10659219.0,0
0xd2306a7187fe8b0c0dee59b50fdc438d2075d24c,usdt,20,241968.11623128672,50.529463,21.45,0.014756466703357183,0.8853880022014309,21.24931205283434,4066.013986013986,0
0xb48cc5e2a3859feb0599d9ed1371e0e4cf019298,usdt,1559,4669.289208712645,138.462882,0.055805003207184095,3.8738763235447256e-05,0.0023243257941268354,0.05578381905904405,1548836.2298850575,0
0xfc88ecb324ed5fe4c0e289cbadea02047dff68a2,usdt,117,515.017719,132.337061,0.03418803418803419,2.3672617173536855e-05,0.0014203570304122113,0.03408856872989307,2534574.0,0
0xdbd726abd80f29776b85a2ab764579740ea8b4d8,usdt,11,1983.3734965454541,508.554231,1.0,0.0006367067213076798,0.03820240327846079,0.9168576786830589,94234.90909090909,0
0xfe0d145b14846ad482cdd69dc004bfa576d667cf,usdt,89,10.347897333333334,3.969397,0.4044943820224719,0.00027851101820533687,0.016710661092320212,0.4010558662156851,215431.33333333334,0
0x41a096161376bf740d30549349224af5eb37cac3,usdt,120,100.5487441304348,100.149335,0.38333333333333336,0.00026560516983141003,0.015936310189884603,0.3824714445572304,225899.21739130435,0
0xbdfca3042665459773284cbcc7a5e1fdc1b23be2,usdt,766,486.21218142857145,1579.28,0.018276762402088774,1.2689759490988367e-05,0.000761385569459302,0.01827325366702325,4728222.0,0
0xeffa1ff60a061e2b926bf4b561ce8c47aa46e573,usdt,71,9.471836999999999,2.2,0.04225352112676056,2.9337557941676933e-05,0.0017602534765006161,0.042246083436014784,2045160.0,0
0x9864c1cf40fe5370206e02bb7af5a0560e028703,usdt,80,2249.0733593333334,4290.16377,0.075,5.20374392029252e-05,0.003122246352175512,0.07493391245221229,1153016.0,0
0x7539e2df658434ae87df906ddda7cae611dd47f8,usdt,34,731.6592808947368,1661.656685,0.5588235294117647,0.00038066540312466194,0.022839924187479713,0.5481581804995131,157618.73684210525,0
0x8d72c0888899aa583f72fea7d6d686cc78c8a168,usdt,11,54.58910159999999,335.000803,2.272727272727273,0.0015515807504685774,0.09309484502811463,2.2342762806747514,38670.24,0
0x2f4844826d4ebbaee58919d111adeb3551218275,usdt,212,84.31218161111111,4.035807,0.16981132075471697,0.00011769860004054063,0.0070619160024324385,0.1694859840583785,509776.6666666667,0
0xef7af10f6d51b75075c5fded96ab8ea99fa42590,usdt,347,54459.45917777803,96750.180331,1.2593659942363113,0.0008726153339880278,0.05235692003928166,1.25656608094276,68758.81922196796,0
0xdef171fe48cf0115b1d80b88dc8eab59176fee57,usdt,33,45075.46197419098,1562.204341,22.848484848484848,0.01548508995317506,0.9291053971905036,22.298529532572086,3874.6949602122017,0
0x363d698649cd04f9692ab86e8365b227c1ee859d,usdt,61,0.09570576881720429,0.050894,12.19672131147541,0.008469251154276972,0.5081550692566184,12.195721662158839,7084.451612903225,0
0x6bdd8282e17c3853bd17b13e8106152f6b99e2e4,usdt,1378,1130.9803579144277,176.154812,3.646589259796807,0.0025308632689828676,0.1518517961389721,3.64444310733533,23707.32577114428,0
0x02d9f1af4d5954f1c5c668350db8c7514a373316,usdt,149,147.2558569185185,99.750195,0.9060402684563759,0.0006286760083264645,0.03772056049958787,0.9052934519901088,95438.66666666667,0
0x8c864d0c8e476bf9eb9d620c10e1296fb0e2f940,usdt,38,3405.4635899812497,4407.789559,50.526315789473685,0.03469775006776904,2.0818650040661426,49.964760097587416,1729.21875,0
0xedc4c7362ff4242cf2e4d73486f87e66ca8aca7a,usdt,484,248.51453033333334,1085.0,0.04338842975206612,3.0123454523337932e-05,0.001807407271400276,0.04337777451360662,1991803.4285714286,0
0x6c5c4b393a37ee654de117296a0986170fc0cc5f,usdt,15,462.8181324210526,650.0,1.2666666666666666,0.0008254983403138631,0.04952990041883179,1.188717610051963,72683.36842105263,0
0x0e914bf7176f9608fdba21947e4bcebec12024a8,usdt,2058,602.745317426282,9.534747,2.425655976676385,0.0016840714275461132,0.1010442856527668,2.4250628556664027,35627.94250801282,0
0x14d8ed59acda3e7c5316574cce15ca9fb0a5c745,usdt,221,37966.78431372549,5000.0,0.23076923076923078,0.0001597536160700861,0.009585216964205166,0.230045207140924,375578.35294117645,0
0xdf31a70a21a1931e02033dbba7deace6c45cfd0f,usdt,131,6554.687503950111,4507.88626,13.770992366412214,0.009517086969504172,0.5710252181702503,13.704605236086008,6304.450110864745,0
0x15652636f3898f550b257b89926d5566821c32e1,usdt,101,732.2510488192357,1.076757,23.059405940594058,0.01591142616661019,0.9546855699966114,22.912453679918674,3770.8750536711036,0
0x767465ffd6060bd9fbc4e83bcf7650b7f2f9940a,usdt,315,90.22278362843295,61.817687,1.965079365079365,0.0013641686879429966,0.0818501212765798,1.964402910637915,43982.83037156704,0
0x0e3529cf622dc1141a31cfc0fc85f679f558c92b,usdt,28,9967.95340425306,80.872404,8.75,0.0060693441144703065,0.3641606468682185,8.739855524837242,9885.74693877551,0
0x0a4244c1c659a9dd396362f934a1404748c28eda,usdt,1149,119.64416266666666,108.532473,0.005221932114882507,3.624092678197241e-06,0.00021744556069183446,0.005218693456604027,16555868.0,0
0x5474001987f97da94cfd937672e3a8329048ad10,usdt,20,553.0110498620691,199.866851,1.45,0.0009767401130324077,0.05860440678194446,1.4065057627666668,61428.8275862069,0
0x1d58990c691ba34c99bbeaca7c78adc0571f017f,usdt,26,36.176868923076924,70.939596,1.0,0.0006933814077776059,0.04160288446665635,0.9984692271997525,86532.46153846153,0
0x3ea1dc6d292946694c44b4c9845f5b0c1fef9e8b,usdt,107,335.9091459285714,0.0,1.0467289719626167,0.0007209777488242268,0.043258664929453614,1.0382079583068868,83220.32142857143,0
0x2c2e3ffcfc9a959898c1e88d82da35f80e9cbff3,usdt,1006,1578.1097111428571,2014.441885,0.013916500994035786,9.658660189293183e-06,0.000579519611357591,0.013908470672582182,6212041.714285715,0
0x296dba713bcdc568501824307a80d0f9dc6e8a0f,usdt,332,9246.543222953374,1e-06,2.4548192771084336,0.001701050142783853,0.10206300856703118,2.4495122056087486,35272.32883435583,0
0xa2fde9de6e6ebfe068d3ec0b515669817a9c3808,usdt,112,831.5320346578949,71.686414,0.6785714285714286,0.00046746217246893836,0.028047730348136304,0.6731455283552713,128352.63157894737,0
0x053d0b75ad76ad7f463f28a09649fc870a7760ed,usdt,65,29.197765066666665,0.8,0.23076923076923078,0.0001593039902463477,0.009558239414780862,0.22939774595474066,376638.4,0
0x3d0b2d3808b951b8e8c2d8ac63348de2bd3637f5,usdt,388,3374.963221125,1e-06,0.08247422680412371,5.724336012799615e-05,0.003434601607679769,0.08243043858431447,1048156.5,0
0x8e3f00919ad73b4c525be50e86718d86386af944,usdt,21,673.5172309517685,5355.240621,29.61904761904762,0.020255571910536806,1.2153343146322082,29.168023551173,2962.147909967846,0
0x46d6e7ce954a1acaaead77e5986127ccd514a215,usdt,10,264.8220758181818,498.325138,1.1,0.0007055337362714894,0.04233202417628936,1.0159685802309448,85042.0,0
0xbd5f0898854cb50874988304f198e44c945ce031,usdt,906,82.09454133333334,101.133824,0.006622516556291391,4.596199254736505e-06,0.0002757719552841903,0.006618526926820567,13054264.333333334,0
0x61c07bcff4bddb7b01426b02ca6957bdfca79a5c,usdt,927,218.85248921052636,1629.589116,0.08198489751887811,5.6919467491419763e-05,0.0034151680494851856,0.08196403318764446,1054120.894736842,0
0x524bb268a2dfd3e91ba03ead68af4ba343bfec4f,usdt,658,135.5748911260504,342.22,0.18085106382978725,0.00012542560385577278,0.007525536231346368,0.18061286955231282,478371.2268907563,0
0x778af37f8e416aa9ce5799eb0550f835d4f6e621,usdt,608,156.25453147142858,49.0,0.23026315789473684,0.0001598409628088898,0.009590457768533388,0.23017098644480133,375373.1142857143,0
0x1eed68e73b59c600760a7cd28dc7b7825ca667ca,usdt,48,9.44079594642857,1.015526,2.3333333333333335,0.0015940382967700797,0.0956422978062048,2.295415147348915,37640.25,0
0xbeb0b0623f66be8ce162ebdfa2ec543a522f4ea6,usdt,85,16508.345172520312,589.002683,16.50588235294118,0.011445717278546173,0.6867430367127704,16.481832881106488,5242.135424091233,0
0xbe63fbadb5537302c3608e9007f179b52b7913ec,usdt,261,23.893247714285717,0.089491,0.02681992337164751,1.8594836054643317e-05,0.0011156901632785989,0.026776563918686373,3226702.285714286,0
0x0d0e364aa7852291883c162b22d6d81f6355428f,usdt,241,10963.289270865755,2908.637373,3.3858921161825726,0.0023490531818731396,0.14094319091238838,3.3826365818973207,25542.20588235294,0
0x49e9a8ea9b6c05d5b2307538d159350a5aea73ac,usdt,19,204.11886326666664,40.003176,7.105263157894737,0.004890347540698559,0.29342085244191357,7.042100458605924,12269.066666666668,0
0x794a0d6815072dedfb80fc849f56e33edea30755,usdt,640,17681.5581815,40000.00006,0.0125,8.676165380726405e-06,0.0005205699228435843,0.012493678148246024,6915497.5,0
0x8c3db0c36047446e1f8a805f1824be64ef246ec1,usdt,18,58.4014284375,528.786004,1.7777777777777777,0.001169753108984435,0.0701851865390661,1.6844444769375864,51292.875,0
0xe1b2fb6d21688b8814284eec03704a3bc6befdcd,usdt,83,123.33333333333333,185.0,0.03614457831325301,2.4863952738598632e-05,0.001491837164315918,0.035804091943582035,2413132.0,0
0xabdf03d7b8548050235685bcbb4c8225dff3aba9,usdt,115,2089.3615220816323,875.771518,0.4260869565217391,0.0002949816990945868,0.017698901945675208,0.424773646696205,203402.44897959183,0
0xb048ed71007ade3b3172bc6d95781833ffa3aac5,usdt,57,314.48847551770507,93.561006,39.14035087719298,0.02710287185966276,1.6261723115797657,39.028135477914375,2213.787539220081,0
0x1d355a3d8c50f33f31a9f5d95926e60dc023aecd,usdt,832,2177.6060791875,0.0,0.038461538461538464,2.670259500825027e-05,0.001602155700495016,0.03845173681188038,2246972.625,0
0x5aafc1f252d544f744d17a4e734afd6efc47ede4,usdt,16,8.050332735253772,1.4345,45.5625,0.03041250876080499,1.8247505256482996,43.79401261555919,1972.8724279835392,0
0x2d9487ae310f5b8b9528dfe63bee58872a9a9a0e,usdt,291,80.45529857553957,2.5,0.47766323024054985,0.00033100234654469274,0.01986014079268156,0.4766433790243575,181267.59712230216,0
0xa5a94da27e2533ced5c68d6dfabdb5fb4269dd97,usdt,14,3923.403369064516,146.443195,2.2142857142857144,0.00147498239537141,0.0884989437222846,2.1239746493348304,40678.45161290323,0
0xd1a74c1c18d24df651839d84b163c48fc3db84d4,usdt,1286,1023.17989125,9.953756,0.006220839813374806,4.317678483585981e-06,0.00025906070901515884,0.006217457016363812,13896356.625,0
0xebab8d10fff9e0278bda1424e67c24efaa0965fb,usdt,11,25.26221257142858,67.231987,1.2727272727272727,0.0008184837004817361,0.04910902202890417,1.1786165286937,73306.28571428571,0
0x1cf7a639c634a1212f545a82b97c83389007936e,usdt,90,153.57238491666666,0.241655,0.4,0.0002761926535822954,0.016571559214937727,0.3977174211585054,217239.66666666666,0
0xc6969e04a3daa4c81a02d753d7b5dc97d7e34745,usdt,80,17.9408204,19.852051,0.0625,4.2996845751395675e-05,0.0025798107450837405,0.06191545788200978,1395451.2,0
0x79125534fcba73b1bd73bc9daf563da12929b7fa,usdt,355,215.46672503496504,54.0,0.4028169014084507,0.0002796336369150817,0.0167780182149049,0.40267243715771767,214566.46153846153,0
0xf020f1ee2f827dfdaa0a2da67eef9d7e578f2369,usdt,10,305.86468066666674,503.934042,0.6,0.0004026197122611123,0.02415718273566674,0.5797723856560018,149024.0,0
0xb38a90f14b24ae81ec0b8f1373694f5b59811d8a,usdt,771,117722.66784819629,49360.14216,1.1893644617380026,0.0008258408762234739,0.04955045257340843,1.1892108617618022,72653.2213740458,0
0xca1430680c6c30c75abe9d42217fe307ed7513ae,usdt,1582,1543.3827729999998,516.869553,0.01643489254108723,1.1413059617338693e-05,0.0006847835770403217,0.01643480584896772,5257135.423076923,0
0xaf186312c0df507c32ca2b8907d65c494966b4ff,usdt,532,3078.838443884616,15.0,0.09774436090225563,6.776061841467779e-05,0.004065637104880667,0.09757529051713601,885470.0769230769,0
0xbbc4333ae20e1a3460b770a8a229cfe572909f3a,usdt,168,10.949292400000001,54.746462,0.05952380952380952,4.125014334424812e-05,0.0024750086006548873,0.0594002064157173,1454540.4,0
0xfa7b1534777609d7082bf51c430ebe83c28bd12a,usdt,45,32.35452260148515,0.06566,26.933333333333334,0.01859694347265697,1.115816608359418,26.779598600626034,3226.3366336633662,0
0xa4de3257716fe18558f6b15f0a80bd70b5da79d8,usdt,128,59407.28224221738,75000.002649,0.1796875,0.00012442359417567746,0.007465415650540647,0.17916997561297557,482223.652173913,0
0xa923d843ad6cd1a2e178e56f03642b1180a43133,usdt,14,338.0,515.0,1.0,0.0006613694126094802,0.039682164756568813,0.9523719541576516,90720.85714285714,0
0x4234071b094c6651fdaf32cd465fb90164eb64b7,usdt,1186,2633.5225573333337,1816.247771,0.01770657672849916,1.2292470896697117e-05,0.0007375482538018271,0.01770115809124385,4881036.571428572,0
0x567f6367897ff7ce696843a2199948e51cc2e62c,usdt,1720,2886.9274637209305,10.444528,0.025,1.7358118573711653e-05,0.0010414871144226992,0.024995690746144782,3456595.8139534886,0
0xf6922ef096cb838458a7efc0a291f803945df463,usdt,1326,51.0,2.0,0.0030165912518853697,2.0947017269113792e-06,0.00012568210361468276,0.003016370486752386,28643696.25,0
0x5741a883baf845f954ee5a6897a11eb27ec374a6,usdt,119,15062.890652230768,3005.13254,1.2016806722689075,0.0008277791091707506,0.049666746550245035,1.192001917205881,72483.1048951049,0
0x3e9ba86f0ec034457eb9e0061ae13d29d8a40b12,usdt,37,962.5612228155013,1000.199444,32.08108108108108,0.022210080794548333,1.3326048476729,31.982516344149598,2701.4759898904804,0
0xd53c79ff8c473bbfe4e40e5525d4d24fd4b8534c,usdt,1483,9011.796475065421,0.0,0.07215104517869184,5.007719727567879e-05,0.003004631836540727,0.07211116407697744,1198150.1214953272,0
0xbb12237fed66a7466d9f2d05376c11f87ec794e1,usdt,118,2452.899221697826,114.367237,7.796610169491525,0.005403595740556923,0.32421574443341533,7.781177866401968,11103.717391304348,0
0xd6c85f80667d6afc09bb40f65b8e13dbaf96de1b,usdt,91,41.216852454853274,19.997916,9.736263736263735,0.006758736009569027,0.40552416057414165,9.7325798537794,8877.39954853273,0
0xfbeedcfe378866dab6abbafd8b2986f5c1768737,usdt,28,455.826568319149,89.572921,41.964285714285715,0.028232162079040446,1.6939297247424265,40.65431339381824,2125.235744680851,0
0x8df6084e3b84a65ab9dd2325b5422e5debd8944a,usdt,1111,6021.855671727563,48.520207,0.5616561656165616,0.00038985505513929134,0.02339130330835748,0.5613912794005795,153903.35256410256,0
0x6cc5f688a315f3dc28a7781717a9a798a59fda7b,usdt,300,87667201.287,876543219.87,0.03333333333333333,2.313610880264159e-05,0.0013881665281584952,0.033315996675803886,2593348.8,0
